en,fr,it,nl,ja,da,name,identifier,type,country,countrycode,is_org_file,is_publisher,last_updated
"Access to Nutrition Foundation, The",,,,,,"Access to Nutrition Foundation, The",NL-KVK-58279199,21,Netherlands,NL,true,true,2017-12-14T13:23:02+00:00
"Asia Foundation, The",,,,,,"Asia Foundation, The",US-EIN-941191246,21,United States,US,,true,
"Coca-Cola Export Corporation, The",,,,,,"Coca-Cola Export Corporation, The",XI-IATI-1001,70,United States,US,,true,
"Commonwealth Secretariat, The",,,,,,"Commonwealth Secretariat, The",XI-IATI-CWSEC,40,,,true,true,2018-01-22T12:10:53Z
"Discovery Learning Alliance, Inc.",,,,,,"Discovery Learning Alliance, Inc.",US-EIN-522043740,21,United States,US,,true,
"Foundation Center, The",,,,,,"Foundation Center, The",US-EIN-131837418,21,United States,US,,true,
"Freedom Fund, The",,,,,,"Freedom Fund, The",GB-COH-1158838,21,United Kingdom,GB,true,true,2016-03-24T01:39:55+00:00
"Friends of the Earth England, Wales and Northern Ireland",,,,,,"Friends of the Earth England, Wales and Northern Ireland",GB-CHC-281681,22,United Kingdom,GB,true,true,2015-01-29T03:01:39+00:00
"Global Alliance for Improved Nutrition, The",,,,,,"Global Alliance for Improved Nutrition, The",30001,21,Switzerland,CH,true,true,2014-12-11T23:02:02+00:00
"Global Fund to Fight AIDS, Tuberculosis and Malaria, The",,,,,,"Global Fund to Fight AIDS, Tuberculosis and Malaria, The",47045,40,Switzerland,CH,true,true,2017-01-26T09:26:58
"Hunger Project Netherlands, The",,,,,,"Hunger Project Netherlands, The",NL-KVK-41201198,21,Netherlands,NL,,true,
"IDH, the Sustainable Trade Initiative",,,,,,"IDH, the Sustainable Trade Initiative",NL-KVK-53521129,21,Netherlands,NL,true,true,2016-12-28T08:01:33+00:00
"International Children's Trust, The",,,,,,"International Children's Trust, The",GB-CHC-254781,21,United Kingdom,GB,true,true,2015-07-16T01:53:39+00:00
"International Rescue Committee, The",,,,,,"International Rescue Committee, The",US-EIN-13-5660870,21,United States,US,,true,
"Leprosy Mission England and Wales, The",,,,,,"Leprosy Mission England and Wales, The",GB-CHC-1050327,21,United Kingdom,GB,true,true,2013-10-16T02:02:47+00:00
"Lithuania, Ministry of Foreign Affairs",,,,,,"Lithuania, Ministry of Foreign Affairs",XM-DAC-84,10,Lithuania,LT,,true,
"Ministry of Education, Science, Research and Sport",,,,,,"Ministry of Education, Science, Research and Sport",XM-DAC-69-4,,,,true,false,2017-03-09T13:48:12
"Ministry of Foreign Affairs and Cooperation, Spain",,,,,,"Ministry of Foreign Affairs and Cooperation, Spain",ES-DIR3-E04585801-009-001091,,,,true,false,2015-11-26T00:00:00
"National Association of Municipalities of Benin (ANCB), The",Association Nationale des Communes du Bénin,,,,,Association Nationale des Communes du Bénin,BJ-IFU-6201408024805,22,Benin,BJ,true,true,2017-06-15T12:40:03Z
"Natural Resources Institute, University of Greenwich.",,,,,,"Natural Resources Institute, University of Greenwich.",GB-COH-00986729,80,United Kingdom,GB,true,true,2016-05-06T10:23:38+00:00
"OPEC Fund for International Development (OFID), The",,,,,,"OPEC Fund for International Development (OFID), The",XI-IATI-OFID,40,Austria,AT,,true,
"Open University, The",,,,,,"Open University, The",GB-CHC-000391,80,United Kingdom,GB,true,true,2015-01-21T01:27:08+00:00
"Queen Elizabeth Diamond Jubilee Trust, The",,,,,,"Queen Elizabeth Diamond Jubilee Trust, The",GB-CHC-1145640,60,United Kingdom,GB,true,true,2016-12-09T14:32:47+00:00
"Sabre Charitable Trust, The",,,,,,"Sabre Charitable Trust, The",GB-CHC-1105489,21,United Kingdom,GB,true,true,2015-04-22T00:28:45+00:00
"Salvation Army International Development UK, The",,,,,,"Salvation Army International Development UK, The",GB-CHC-214779,21,United Kingdom,GB,,true,
"UK - Department for Environment, Food and Rural Affairs",,,,,,"UK - Department for Environment, Food and Rural Affairs",GB-GOV-7,10,United Kingdom,GB,,true,
"United Nations Educational, Scientific and Cultural Organization (UNESCO)",,,,,,"United Nations Educational, Scientific and Cultural Organization (UNESCO)",41304,40,France,FR,,true,
"William and Flora Hewlett Foundation, The",,,,,,"William and Flora Hewlett Foundation, The",US-EIN-941655673,60,United States,US,true,true,2017-12-31T00:15:00.8127018-08:00
"WO=MEN, Dutch Gender Platform",,,,,,"WO=MEN, Dutch Gender Platform",NL-KVK-27293385,22,Netherlands,NL,,true,
,Société Nationale des Eaux du Benin,,,,,Société Nationale des Eaux du Benin,BJ-IFU-32000700033415,15,,,true,true,2017-04-27T18:30:38Z
Aasaman Nepal,,,,,,Aasaman Nepal,NP-SWC-27693,22,Nepal,NP,,true,
Abaseen Foundation UK,,,,,,Abaseen Foundation UK,GB-CHC-1157009,21,United Kingdom,GB,true,true,2016-06-02T08:47:49+00:00
AbleChildAfrica,,,,,,AbleChildAfrica,GB-CHC-326859,21,United Kingdom,GB,true,true,2015-06-17T20:56:07+00:00
Abt Associates Inc,,,,,,Abt Associates Inc,US-EIN-042347643,70,United States,US,,true,
Academy for Health Development (AHEAD),,,,,,Academy for Health Development (AHEAD),NG-CAC-692943,80,Nigeria,NG,,true,
Access to Seeds Foundation,,,,,,Access to Seeds Foundation,NL-KVK-53744993,21,Netherlands,NL,,true,
Acid Survivors Foundation,,,,,,Acid Survivors Foundation,PK-VSWA-511-2007,22,Pakistan,PK,,true,
act4africa,,,,,,act4africa,GB-COH-04276635,21,United Kingdom,GB,true,true,2016-07-18T11:26:33+00:00
Action Against Hunger,,,,,,Action Against Hunger,GB-CHC-1047501,21,United Kingdom,GB,true,true,2015-05-15T02:30:22+00:00
ActionAid International,,,,,,ActionAid International,NL-KVK-27264198,21,Netherlands,NL,,true,
ActionAid UK,,,,,,ActionAid UK,GB-CHC-274467,21,United Kingdom,GB,,true,
Adam Smith International,,,,,,Adam Smith International,GB-COH-2732176,70,United Kingdom,GB,true,true,2014-03-26T11:48:36+00:00
Adaptation Fund,,,,,,Adaptation Fund,47111,40,United States,US,,true,
ADD International,,,,,,ADD International,GB-COH-294860,21,United Kingdom,GB,true,true,2013-12-06T04:28:26+00:00
ADRA-UK,,,,,,ADRA-UK,GB-CHC-1074937,21,United Kingdom,GB,true,true,2013-12-06T10:31:30+00:00
AECOM,,,,,,AECOM,GB-COH-01846493,70,United Kingdom,GB,,true,
Aeras,,,,,,Aeras,US-EIN-522044704,21,United States,US,true,true,2017-10-30T20:32:50+00:00
AFEW International,,,,,,AFEW International,NL-KVK-34148682,21,Netherlands,NL,,true,
Afghanaid,,,,,,Afghanaid,GB-CHC-1045348,21,United Kingdom,GB,,true,
Afghanistan and Central Asian Association,,,,,,Afghanistan and Central Asian Association,GB-CHC-1096908,21,United Kingdom,GB,true,true,2013-11-01T12:17:26+00:00
Afghanistan Public Policy Research Organization (APPRO),,,,,,Afghanistan Public Policy Research Organization (APPRO),AF-MOE-1212,80,Afghanistan,AF,true,true,2016-10-02T10:37:43+00:00
Africa Educational Trust,,,,,,Africa Educational Trust,GB-CHC-313139,21,United Kingdom,GB,true,true,2016-04-20T10:16:02+00:00
African Centre for Global Health and Social Transformation,,,,,,African Centre for Global Health and Social Transformation,UG-RSB-73316,21,Uganda,UG,,true,
African Development Bank,,,,,,African Development Bank,46002,40,"Africa, regional",,true,true,2017-08-18T12:13:08
African Initiatives,,,,,,African Initiatives,GB-CHC-1064413,21,United Kingdom,GB,,true,
African Population and Health Research Center,,,,,,African Population and Health Research Center,US-EIN-06-1608361,21,United States,US,,true,
AfriKids,,,,,,AfriKids,GB-CHC-1141028,21,United Kingdom,GB,true,true,2017-04-04T09:09:16+00:00
Aga Khan Foundation (United Kingdom),,,,,,Aga Khan Foundation (United Kingdom),GB-COH-1100897,21,United Kingdom,GB,,true,
Agence Française de Développement,Agence Française de Développement,,,,,Agence Française de Développement,XI-IATI-FR-3,15,France,FR,true,true,2017-12-11T16:20:40+00:00
Agency for Cooperation and Research in Development (ACORD),,,,,,Agency for Cooperation and Research in Development (ACORD),GB-CHC-283302,21,United Kingdom,GB,true,true,2014-01-15T03:01:57+00:00
AgriProFocus,,,,,,AgriProFocus,NL-KVK-30204842,60,Netherlands,NL,true,true,2017-07-04T16:04:36Z
Agriterra,,,,,,Agriterra,NL-KVK-41048542,22,Netherlands,NL,,true,
AICS - Agenzia Italiana per la Cooperazione allo Sviluppo / Italian Agency for Cooperation and Development,,AICS - Agenzia Italiana per la Cooperazione allo Sviluppo,,,,AICS - Agenzia Italiana per la Cooperazione allo Sviluppo,XM-DAC-6-4,10,Italy,IT,true,true,2017-06-02T14:04:50
Aids Fonds - STOP AIDS NOW! - Soa Aids Nederland,,,,,,Aids Fonds - STOP AIDS NOW! - Soa Aids Nederland,NL-KVK-41207989,21,Netherlands,NL,true,true,2016-11-23T09:00:11+00:00
Ajuda de Desenvolvimento de Povo para Povo (ADPP),,,,,,Ajuda de Desenvolvimento de Povo para Povo (ADPP),mz-moj-64vq1,22,Mozambique,MZ,,true,
Aktis Strategy Ltd,,,,,,Aktis Strategy Ltd,GB-COH-08327972,70,United Kingdom,GB,true,true,2016-04-06T08:36:04+00:00
Akvo Foundation,,,,,,Akvo Foundation,NL-KVK-27327087,21,Netherlands,NL,true,true,2017-05-19T09:21:37Z
Alcis Holdings Limited,,,,,,Alcis Holdings Limited,GB-COH-5155300,70,United Kingdom,GB,,true,
Alfalit,,,,,,Alfalit,MZ-MOJ-203D,22,Mozambique,MZ,,true,
All We Can (formerly Methodist Relief and Development Fund),,,,,,All We Can (formerly Methodist Relief and Development Fund),GB-CHC-291691,21,United Kingdom,GB,true,true,2014-07-04T10:38:14+00:00
Amnesty International The Netherlands,,,,,,Amnesty International The Netherlands,NL-KVK-40530953,21,Netherlands,NL,true,true,2017-07-31T10:00:00Z
Amref Flying Doctors,,,,,,Amref Flying Doctors,NL-KVK-41150298,22,Netherlands,NL,true,true,2017-07-05T07:03:08+00:00
Amref Health Africa - UK,,,,,,Amref Health Africa - UK,GB-CHC-261488,21,United Kingdom,GB,true,true,2014-04-17T02:39:44+00:00
Amref Health Africa Headquarters,,,,,,Amref Health Africa Headquarters,KE-RCO-C1-61,21,Kenya,KE,true,true,2017-07-04T12:25:30+00:00
Amref Health Africa in Ethiopia,,,,,,Amref Health Africa in Ethiopia,ET-MFA-0001989741,21,Ethiopia,ET,true,true,2017-05-18T15:49:16+00:00
Amref Health Africa in Kenya,,,,,,Amref Health Africa in Kenya,KE-NCB-93175,21,Kenya,KE,true,true,2017-02-13T23:26:56+00:00
Amref Health Africa in Uganda,,,,,,Amref Health Africa in Uganda,UG-NGB-5914-252,22,Uganda,UG,true,true,2017-08-30T07:02:04+00:00
Amref Health Africa Malawi,,,,,,Amref Health Africa Malawi,MW-NBM-R1527,22,Malawi,MW,true,true,2017-02-16T08:17:42+00:00
ANDA,,,,,,ANDA,MZ-MOJ-F30G1No89,22,Mozambique,MZ,,true,
Anti-Slavery International,,,,,,Anti-Slavery International,GB-CHC-1049160,21,United Kingdom,GB,true,true,2015-11-30T03:17:00+00:00
APPRO-Europe,,,,,,APPRO-Europe,BE-GTCF-630789842,80,Belgium,BE,true,true,2016-10-01T04:16:55+00:00
APT Action on Poverty,,,,,,APT Action on Poverty,GB-CHC-290836,21,United Kingdom,GB,true,true,2014-12-11T21:10:51+00:00
Aqua for All,,,,,,Aqua for All,NL-KVK-27248417,60,Netherlands,NL,,true,
Arab foundation for freedoms and equality,,,,,,Arab foundation for freedoms and equality,LB-MOI-18291,23,Lebanon,LB,,true,
ARK (Absolute Return for Kids),,,,,,ARK (Absolute Return for Kids),GB-COH-04589451,21,United Kingdom,GB,,true,
Article19,,,,,,Article19,GB-CHC-327421,21,United Kingdom,GB,,true,
Asian Development Bank,,,,,,Asian Development Bank,46004,40,"Asia, regional",,true,true,2017-10-31T15:00:00
Association for Progressive Communication,,,,,,Association for Progressive Communication,US-EIN-943287156,21,United States,US,true,true,2017-08-21T09:49:31+00:00
Association for Reproductive and Family Health,,,,,,Association for Reproductive and Family Health,NG-CAC-5938,22,Nigeria,NG,,true,
Association for Women's Rights in Development (AWID),,,,,,Association for Women's Rights in Development (AWID),US-EIN-521291786,21,United States,US,true,true,2016-04-29T08:12:01+00:00
Atos IT Services Ltd,,,,,,Atos IT Services Ltd,GB-COH-01245534,70,United Kingdom,GB,true,true,2016-01-23T20:13:31+00:00
Atradius Dutch State Business,,,,,,Atradius Dutch State Business,NL-KVK-33226495,70,Netherlands,NL,true,true,2017-10-05T09:00:38+00:00
Australia - Department of Foreign Affairs and Trade,,,,,,Australia - Department of Foreign Affairs and Trade,AU-5,10,Australia,AU,true,true,2017-11-13T00:00:00
AWEPA,,,,,,AWEPA,NL-KVK-34106722,21,Netherlands,NL,true,true,2017-01-12T14:27:05+00:00
BasicNeeds,,,,,,BasicNeeds,GB-CHC-1079599,21,United Kingdom,GB,true,true,2016-05-18T14:12:19+00:00
Baylor College of Medicine Children's Foundation Malawi,,,,,,Baylor College of Medicine Children's Foundation Malawi,MW-CNM-BCM-CF,22,Malawi,MW,true,true,2017-08-04T08:23:56+00:00
BBC Media Action,,,,,,BBC Media Action,GB-CHC-1076235,21,United Kingdom,GB,true,true,2015-07-09T02:26:48+00:00
Bees Abroad UK,,,,,,Bees Abroad UK,GB-CHC-1108464,21,United Kingdom,GB,,true,
Bees for Development Trust,,,,,,Bees for Development Trust,GB-CHC-1078803,21,United Kingdom,GB,true,true,2015-06-25T21:58:04+00:00
Belgian development agency (Enabel),,,,,,Belgian development agency (Enabel),BE-BCE_KBO-0264814354,10,Belgium,BE,true,true,2017-12-28T05:37:47
Belgian Development Cooperation,,,,,,Belgian Development Cooperation,XM-DAC-2-10,10,Belgium,BE,,true,
Bill and Melinda Gates Organization,,,,,,Bill and Melinda Gates Organization,XM-DAC-DAC-1601,60,,,true,true,2017-09-05T22:15:49+00:00
Bioclimate Research and Development,,,,,,Bioclimate Research and Development,GB-SC-044007,21,United Kingdom,GB,,true,
Bond,,,,,,Bond,GB-CHC-1068839,22,United Kingdom,GB,true,true,2016-05-24T13:32:13+00:00
Both ENDS,,,,,,Both ENDS,NL-KVK-41210098,22,Netherlands,NL,true,true,2017-05-01T08:17:05+00:00
British Red Cross,,,,,,British Red Cross,GB-CHC-220949,21,United Kingdom,GB,,true,
BSR,,,,,,BSR,US-EIN-52-1764268,21,United States,US,true,true,2017-07-26T15:32:37+00:00
Build Africa,,,,,,Build Africa,GB-CHC-298316,21,United Kingdom,GB,,true,
Burns Violence Survivors - Nepal,,,,,,Burns Violence Survivors - Nepal,NP-SWC-27288,22,Nepal,NP,true,true,2017-07-29T14:41:46+00:00
CABI,,,,,,CABI,XI-IATI-CABI,40,United Kingdom,GB,true,true,2016-09-29T16:20:00+00:00
Camfed International,,,,,,Camfed International,GB-CHC-1029161,21,United Kingdom,GB,,true,
Canada - International Development Research Centre/Centre de recherches pour le développement international,,,,,,Canada - International Development Research Centre/Centre de recherches pour le développement international,XM-DAC-301-2,15,Canada,CA,true,true,2016-10-03T11:30:00
Canada Department of Finance / Ministère des Finances Canada,,,,,,Canada Department of Finance / Ministère des Finances Canada,CA-4,10,Canada,CA,true,true,2017-12-19T11:51:48
Canon Collins Trust,,,,,,Canon Collins Trust,GB-CHC-1102028,21,United Kingdom,GB,,true,
Cardno Emerging Markets,,,,,,Cardno Emerging Markets,GB-COH-05543952,70,United Kingdom,GB,,true,
CARE International UK,,,,,,CARE International UK,GB-CHC-202615,21,United Kingdom,GB,true,true,2017-10-26T16:04:48+00:00
CARE Nederland,,,,,,CARE Nederland,NL-KVK-41158230,21,Netherlands,NL,true,true,2016-04-28T12:28:16+00:00
Carers Worldwide,,,,,,Carers Worldwide,GB-CHC-1150214,21,United Kingdom,GB,true,true,2015-02-06T02:54:45+00:00
Caritas Denmark,,,,,,Caritas Denmark,DK-CVR-29439915,22,Denmark,DK,true,true,2017-04-06T07:23:08+00:00
Caritas Finland,,,,,,Caritas Finland,FI-PRO-139407,22,Finland,FI,true,true,2016-12-20T07:07:44+00:00
Caritas International (Belgium),,,,,,Caritas International (Belgium),BE-BCE_KBO-0410644946,22,Belgium,BE,true,true,2018-01-24T06:15:02+01:00
Caritas Serbia,,,,,,Caritas Serbia,RS-APR-17062603,22,,,,true,
Catholic Agency For Overseas Development (CAFOD),,,,,,Catholic Agency For Overseas Development (CAFOD),GB-CHC-285776,21,United Kingdom,GB,true,true,2017-11-29T16:42:21+00:00
Catholic Relief Services,,,,,,Catholic Relief Services,US-EIN-13-5563422,21,United States,US,true,true,2017-09-20T11:53:42+00:00
CDC Group PLC,,,,,,CDC Group PLC,GB-COH-038777,15,,,true,true,2014-03-14T03:33:56+00:00
CDC Group plc,,,,,,CDC Group plc,GB-COH-03877777,15,United Kingdom,GB,,true,
Cecily's Fund,,,,,,Cecily's Fund,GB-CHC-1071660,21,United Kingdom,GB,true,true,2014-07-23T05:37:59+00:00
Center for Research on Environment Health and Population Activities (CREHPA),,,,,,Center for Research on Environment Health and Population Activities (CREHPA),NP-SWC-1844,22,Nepal,NP,true,true,2017-12-22T09:29:05+00:00
Centre For Citizens With Disabilities,,,,,,Centre For Citizens With Disabilities,NG-CAC-IT-23286,22,Nigeria,NG,,true,
Centre for Economic Policy Research,,,,,,Centre for Economic Policy Research,GB-CHC-287287,22,United Kingdom,GB,true,true,2017-08-04T12:37:51+00:00
Charity Projects Ltd (Comic Relief),,,,,,Charity Projects Ltd (Comic Relief),GB-CHC-326568,60,United Kingdom,GB,,true,
Child-to-Child,,,,,,Child-to-Child,GB-CHC-1152010,21,United Kingdom,GB,true,true,2015-03-04T03:04:25+00:00
ChildFund International,,,,,,ChildFund International,US-EIN-54-0536100,21,United States,US,true,true,2015-01-09T03:34:38+00:00
ChildHope UK,,,,,,ChildHope UK,GB-CHC-328434,21,United Kingdom,GB,,true,
Children in Crisis,,,,,,Children in Crisis,GB-CHC-1020488,21,United Kingdom,GB,,true,
CHOICE for Youth and Sexuality,,,,,,CHOICE for Youth and Sexuality,NL-KVK-32108345,21,Netherlands,NL,true,true,2017-05-04T15:10:15+00:00
Christian Aid Ireland,,,,,,Christian Aid Ireland,IE-CHY-6998,21,Ireland,IE,true,true,2016-06-27T10:28:07+00:00
Christian Aid,,,,,,Christian Aid,GB-CHC-1105851,21,United Kingdom,GB,true,true,2016-05-16T13:34:45+00:00
Christian Engineers in Development,,,,,,Christian Engineers in Development,GB-CHC-293734,21,United Kingdom,GB,true,true,2016-02-10T01:19:57+00:00
CIFAL Scotland,,,,,,CIFAL Scotland,GB-SC-037597,80,United Kingdom,GB,true,true,2015-01-29T22:49:19+00:00
Clean Clothes Campaign,,,,,,Clean Clothes Campaign,NL-KVK-41210820,21,Netherlands,NL,true,true,2016-05-06T08:41:59+00:00
CNV Internationaal,,,,,,CNV Internationaal,NL-KVK-54436222,22,Netherlands,NL,,true,
CNV International,,,,,,CNV International,NL-KvK-54436222-27541,22,,,true,true,2016-05-20T09:29:24+00:00
COC Nederland,,,,,,COC Nederland,NL-KVK-40530156,22,Netherlands,NL,,true,
CODA International,,,,,,CODA International,GB-CHC-1000717,21,United Kingdom,GB,,true,
Coffey International Development,,,,,,Coffey International Development,GB-COH-3799145,70,United Kingdom,GB,true,true,2014-01-16T09:53:16+00:00
ColaLife,,,,,,ColaLife,GB-CHC-1142516,22,United Kingdom,GB,true,true,2016-08-09T18:18:45+00:00
Concern Worldwide UK,,,,,,Concern Worldwide UK,GB-CHC-1092236,21,United Kingdom,GB,true,true,2015-03-16T23:34:26+00:00
Conciliation Resources,,,,,,Conciliation Resources,GB-CHC-1055436,21,United Kingdom,GB,,true,
Conflict Dynamics International,,,,,,Conflict Dynamics International,US-EIN-56-2460366,21,United States,US,true,true,2017-08-03T14:48:55+00:00
Construction Sector Transparency Initiative (CoST),,,,,,Construction Sector Transparency Initiative (CoST),GB-COH-8159144,21,,,,true,
Cord,,,,,,Cord,GB-CHC-1070684,23,United Kingdom,GB,true,true,2014-01-08T09:36:31+00:00
Cordaid,,,,,,Cordaid,NL-KVK-41160054,21,Netherlands,NL,true,true,2017-12-11T10:40:59+00:00
CRANE,,,,,,CRANE,UG-NGB-5914-9186,22,Uganda,UG,true,true,2014-12-05T00:42:57+00:00
CREA USA,,,,,,CREA USA,US-EIN-31-1812979,21,India,IN,true,true,2017-01-06T05:30:32+00:00
Crown Agents Limited,,,,,,Crown Agents Limited,GB-COH-03259922,70,United Kingdom,GB,,true,
Cyan International,,,,,,Cyan International,GB-CHC-1129603,21,United Kingdom,GB,true,true,2016-06-30T13:41:33+00:00
DAI Europe,,,,,,DAI Europe,GB-COH-1858644,70,United Kingdom,GB,,true,
dance4life,,,,,,dance4life,NL-KVK-34197379,21,Netherlands,NL,,true,
DanChurchAid,,,,,,DanChurchAid,DK-CVR-36980214,21,Denmark,DK,true,true,2017-02-07T11:52:58+00:00
DECP,,,,,,DECP,NL-KVK-27284008,22,Netherlands,NL,true,true,2017-11-04T20:47:37+00:00
Defence for Children International Netherlands - ECPAT Netherlands,,,,,,Defence for Children International Netherlands - ECPAT Netherlands,NL-KVK-41208813,22,Netherlands,NL,true,true,2016-04-18T11:52:23+00:00
Delivery Associates Ltd,,,,,,Delivery Associates Ltd,GB-COH-08333641,70,United Kingdom,GB,,true,
Denmark - Danida - Danish Ministry of Foreigh Affairs,,,,,,Denmark - Danida - Danish Ministry of Foreigh Affairs,DK-1,10,Denmark,DK,true,true,2015-05-15T14:56:10+00:00
Department of State and USAID,,,,,,Department of State and USAID,US-1,10,,,true,true,2017-08-03T16:33:00
Development Initiatives Poverty Research,,,,,,Development Initiatives Poverty Research,GB-COH-06368740,21,United Kingdom,GB,true,true,2014-08-19T11:26:41+00:00
Developments In Literacy Trust UK,,,,,,Developments In Literacy Trust UK,GB-CHC-1122924,21,United Kingdom,GB,true,true,2015-04-20T02:31:28+00:00
DFID,,,,,,DFID,UG-NGB-5914-1107,21,,,true,true,2016-10-14T12:15:35+00:00
Digital Campus,,,,,,Digital Campus,GB-COH-07629751,80,United Kingdom,GB,true,true,2014-12-01T00:08:01+00:00
Disability and Development Partners,,,,,,Disability and Development Partners,GB-CHC-1046001,21,United Kingdom,GB,,true,
Disability Rights Advocacy Fund,,,,,,Disability Rights Advocacy Fund,US-EIN-27-5026463,21,United States,US,true,true,2017-12-13T15:37:05+00:00
Disability Rights Fund,,,,,,Disability Rights Fund,US-EIN-27-5026293,21,United States,US,true,true,2017-12-13T15:26:24+00:00
Disasters Emergency Committee,,,,,,Disasters Emergency Committee,GB-CHC-1062638,22,United Kingdom,GB,true,true,2016-05-25T21:24:46+00:00
DNH Mali (Direction Nationale de l’Hydraulique du Mali),,,,,,DNH Mali (Direction Nationale de l’Hydraulique du Mali),ML-NIF-400100027H,10,Mali,ML,,true,
Doctors of the World UK,,,,,,Doctors of the World UK,GB-CHC-1067406,21,United Kingdom,GB,true,true,2016-10-18T16:09:15+00:00
Dorcas Aid International,,,,,,Dorcas Aid International,NL-KVK-41236410,21,Netherlands,NL,true,true,2016-11-22T13:54:44+00:00
Dóchas - Irish Association of Non Governmental Development Organisations,,,,,,Dóchas - Irish Association of Non Governmental Development Organisations,IE-CHY-6410,22,Ireland,IE,,true,
Ecorys UK,,,,,,Ecorys UK,GB-COH-01650169,70,United Kingdom,GB,true,true,
Education Development Trust,,,,,,Education Development Trust,KE-RCO-270901,21,Kenya,KE,,true,
Emmanuel International UK,,,,,,Emmanuel International UK,GB-CHC-289036,21,United Kingdom,GB,true,true,2016-06-13T11:32:24+00:00
EMMS International,,,,,,EMMS International,GB-SC-SC032327,21,United Kingdom,GB,true,true,2017-06-27T20:17:51+00:00
Enhanced Integrated Framework,,,,,,Enhanced Integrated Framework,XM-DAC-1409,40,Switzerland,CH,true,true,2017-07-25T07:21:11+00:00
Ethical Trading Initiative,,,,,,Ethical Trading Initiative,GB-COH-3578127,21,United Kingdom,GB,,true,
European Bank for Reconstruction and Development,,,,,,European Bank for Reconstruction and Development,XI-IATI-EBRD,40,"Bilateral, unspecified",,true,true,2017-12-19T13:52:37Z
European Commission - Development and Cooperation - EuropeAid,,,,,,European Commission - Development and Cooperation - EuropeAid,XI-IATI-EC_DEVCO,15,,,true,true,2017-12-21T17:10:34
European Commission - Humanitarian Aid & Civil Protection,,,,,,European Commission - Humanitarian Aid & Civil Protection,XI-IATI-EC_ECHO,15,,,,true,
European Commission - Neighbourhood and Enlargement Negotiations,,,,,,European Commission - Neighbourhood and Enlargement Negotiations,XI-IATI-EC_NEAR,15,"Europe, regional",,true,true,2017-12-21T17:11:13
European Commission - Service for Foreign Policy Instruments,,,,,,European Commission - Service for Foreign Policy Instruments,XI-IATI-EC_FPI,15,"Europe, regional",,true,true,2017-12-21T17:12:05
European Institute of Peace,,,,,,European Institute of Peace,BE-BCE_KBO- 0550758080,15,Belgium,BE,,true,
European Investment Bank,,,,,,European Investment Bank,XM-DAC-918-3,40,"Europe, regional",,true,true,2018-01-16T13:29:46
European Journalism Centre,,,,,,European Journalism Centre,NL-KVK-41078390,22,Netherlands,NL,true,true,2016-07-29T13:53:54+00:00
EveryChild,,,,,,EveryChild,GB-CHC-1089879,21,United Kingdom,GB,true,true,2014-04-29T02:39:24+00:00
Excellent Development,,,,,,Excellent Development,GB-CHC-1094478,21,United Kingdom,GB,true,true,2014-04-24T10:18:49+00:00
Exeter Ethiopia Link,,,,,,Exeter Ethiopia Link,GB-CHC-1154085,21,United Kingdom,GB,true,true,2015-01-27T22:52:51+00:00
Export-Import bank,,,,,,Export-Import bank,XM-DAC-69-50,,,,true,false,2017-03-09T13:48:12
Fair Wear Foundation,,,,,,Fair Wear Foundation,NL-KVK-34111374,21,Netherlands,NL,,true,
Fairfood International,,,,,,Fairfood International,NL-KVK-34141098,22,Netherlands,NL,,true,
Farm Africa,,,,,,Farm Africa,GB-COH-01926828,21,United Kingdom,GB,true,true,2014-08-09T08:45:24+00:00
Fauna & Flora International,,,,,,Fauna & Flora International,GB-COH-0277068,21,United Kingdom,GB,,true,
Feed the Minds,,,,,,Feed the Minds,GB-CHC-291333,21,United Kingdom,GB,true,true,2015-07-15T01:25:13+00:00
FIAN Belgium,FIAN Belgium,,,,,FIAN Belgium,BE-BCE_KBO-0432622077,22,Belgium,BE,true,true,2018-01-22T11:51:36+00:00
Find Your Feet,,,,,,Find Your Feet,GB-CHC-250456,21,United Kingdom,GB,true,true,2013-05-20T10:34:40+00:00
Finland - Ministry of Foreign Affairs,,,,,,Finland - Ministry of Foreign Affairs,FI-3,10,Finland,FI,true,true,2017-02-27T06:00:00
FMO,,,,,,FMO,NL-KVK-27078545,30,Netherlands,NL,,true,
Food and Agriculture Organization of the United Nations (FAO),,,,,,Food and Agriculture Organization of the United Nations (FAO),XM-DAC-41301,40,Italy,IT,true,true,2016-12-31T00:00:00Z
Food for the Hungry UK,,,,,,Food for the Hungry UK,GB-CHC-328273,21,United Kingdom,GB,true,true,2014-07-11T02:41:52+00:00
Forests Monitor,,,,,,Forests Monitor,GB-COH-3008440,21,United Kingdom,GB,true,true,2013-07-16T01:17:51+00:00
France - Ministry for Europe and Foreign Affairs,,,,,,France - Ministry for Europe and Foreign Affairs,FR-6,10,France,FR,,true,
FRANK Water,,,,,,FRANK Water,GB-CHC-1121273,21,United Kingdom,GB,true,true,2014-07-30T03:34:25+00:00
Free a Girl,,,,,,Free a Girl,NL-KVK-34308169,60,Netherlands,NL,true,true,2016-01-05T01:53:55+00:00
Free Press Unlimited,,,,,,Free Press Unlimited,NL-KVK-52957535,21,Netherlands,NL,true,true,2016-04-26T15:11:38+00:00
Friends of Kipkelion,,,,,,Friends of Kipkelion,GB-CHC-1142476,23,Kenya,KE,true,true,2016-02-03T22:06:56+00:00
Friends of Publish What You Fund,,,,,,Friends of Publish What You Fund,US-EIN-47-4128047,21,United States,US,true,true,2016-04-20T13:44:31+00:00
Friends of the Earth International,,,,,,Friends of the Earth International,NL-KVK-40535338,21,Netherlands,NL,true,true,2016-10-20T09:37:07+00:00
Friends of the Earth-Ghana,,,,,,Friends of the Earth-Ghana,GH-DSW-258,22,Ghana,GH,true,true,2014-10-17T03:16:15+00:00
GAVI Alliance,,,,,,GAVI Alliance,47122,30,Switzerland,CH,true,true,2017-10-18T00:00:00
GEMS Education Solutions,,,,,,GEMS Education Solutions,GB-COH-07669775,70,Ghana,GH,true,true,2014-05-29T01:12:13+00:00
Geneva Centre for the Democratic Control of Armed Forces (DCAF),,,,,,Geneva Centre for the Democratic Control of Armed Forces (DCAF),CH-FDJP-109458452,60,Switzerland,CH,true,true,2018-01-09T10:27:12+00:00
Germany - Ministry for Economic Cooperation and Development,,,,,,Germany - Ministry for Economic Cooperation and Development,DE-1,10,Germany,DE,true,true,2017-12-15T18:00:00+01:00
Girls Not Brides: The Global Partnership to End Child Marriage,,,,,,Girls Not Brides: The Global Partnership to End Child Marriage,GB-CHC-1154230,21,United Kingdom,GB,,true,
Girls’ Education Challenge – Fund Manager PwC,,,,,,Girls’ Education Challenge – Fund Manager PwC,GB-COH-03580586-GEC,70,United Kingdom,GB,,true,
Giro555 (Stichting Samenwerkende Hulporganisaties),,,,,,Giro555 (Stichting Samenwerkende Hulporganisaties),NL-KVK-27302841,21,Netherlands,NL,true,true,2017-06-12T12:45:44+00:00
Global Action Nepal,,,,,,Global Action Nepal,NP-SWC-13712,22,Nepal,NP,,true,
Global Alliance for TB Drug Development,,,,,,Global Alliance for TB Drug Development,US-EIN-13-4128413,80,United States,US,,true,
Global Innovation Fund,,,,,,Global Innovation Fund,GB-CHC-1171353,21,United Kingdom,GB,,true,
Global Network of People Living with HIV (GNP+),,,,,,Global Network of People Living with HIV (GNP+),NL-KVK-41214768,21,Netherlands,NL,true,true,2017-01-27T12:38:42+00:00
Global Network of Sex Work Projects (NSWP),,,,,,Global Network of Sex Work Projects (NSWP),GB-COH-SC349355,21,United Kingdom,GB,true,true,2017-02-03T04:25:26+00:00
Global Partnership for Education,,,,,,Global Partnership for Education,XM-DAC-47501,40,United States,US,,true,
GlobalGiving.org,,,,,,GlobalGiving.org,US-EIN-300108263,21,United States,US,,true,
GOAL,,,,,,GOAL,GB-CHC-1107403,21,Ireland,IE,true,true,2018-01-11T11:58:39+00:00
GOGLA - Global Off-Grid Lighting Association,,,,,,GOGLA - Global Off-Grid Lighting Association,NL-KVK-62066064,70,Netherlands,NL,,true,
GPPAC Foundation,,,,,,GPPAC Foundation,NL-KVK-41217404,21,Netherlands,NL,true,true,2016-04-27T08:23:24+00:00
Grow Movement,,,,,,Grow Movement,GB-CHC-1139083,80,United Kingdom,GB,true,true,2014-08-05T08:42:46+00:00
Guttmacher Institute,,,,,,Guttmacher Institute,US-EIN-13-2890727,21,United States,US,true,true,2017-12-28T17:24:12+00:00
Hagar International UK,,,,,,Hagar International UK,GB-CHC-1143852,21,United Kingdom,GB,true,true,2014-08-22T09:27:55+00:00
Haiti Hospital Appeal,,,,,,Haiti Hospital Appeal,GB-CHC-1117528,21,United Kingdom,GB,true,true,2015-01-15T02:09:53+00:00
Hand in Hand International,,,,,,Hand in Hand International,GB-CHC-1113868,21,United Kingdom,GB,true,true,2015-09-25T02:34:11+00:00
Handicap International UK,,,,,,Handicap International UK,GB-CHC-1082565,80,United Kingdom,GB,,true,
HE Foundation,,,,,,HE Foundation,NL-KVK-58183167,60,Netherlands,NL,,true,
Health Partners International,,,,,,Health Partners International,GB-COH-03054929,70,,,true,true,2017-07-05T10:15:06+00:00
Health Poverty Action,,,,,,Health Poverty Action,GB-CHC-1837621,21,United Kingdom,GB,,true,
HealthNet TPO,,,HealthNet,,,HealthNet,NL-KVK-41211943,21,Netherlands,NL,true,true,2017-05-02T03:47:05+00:00
HealthProm,,,,,,HealthProm,GB-COH-4887855,21,United Kingdom,GB,,true,
Heifer International South Africa,,,,,,Heifer International South Africa,ZA-NPO-013484,22,South Africa,ZA,true,true,2014-08-09T08:57:39+00:00
Heifer Nederland,,,,,,Heifer Nederland,NL-KVK-20093733,22,Netherlands,NL,true,true,2016-12-30T13:15:27+00:00
HelpAge International UK,,,,,,HelpAge International UK,GB-CHC-1128267-8,22,United Kingdom,GB,true,true,2015-03-31T02:25:41+00:00
HelpAge International,,,,,,HelpAge International,GB-COH-1762840,21,United Kingdom,GB,true,true,2014-04-09T01:46:14+00:00
Helvetas Swiss Intercooperation,,,,,,Helvetas Swiss Intercooperation,CH-FDJP-CHE105834763,21,Switzerland,CH,,true,
HiiL innovating Justice,,,,,,HiiL innovating Justice,NL-KVK-27290536,60,Netherlands,NL,,true,
Hilfswerk Austria Zimbabwe,,,,,,Hilfswerk Austria Zimbabwe,ZW-ROD-000740,21,Zimbabwe,ZW,true,true,2014-02-12T08:32:30+00:00
Hivos,,,,,,Hivos,NL-KVK-41198677,21,Netherlands,NL,true,true,2017-11-17T12:56:53Z
Homeless International,,,,,,Homeless International,GB-CHC-1017255,21,United Kingdom,GB,true,true,2013-04-10T01:12:31+00:00
Hope and Homes for Children,,,,,,Hope and Homes for Children,GB-CHC-1089490,21,United Kingdom,GB,true,true,2016-02-02T22:16:47+00:00
Horizons for Green Development,,,,,,Horizons for Green Development,JO-CCD-200138796,22,Jordan,JO,,true,
Hospice Africa Ltd,,,,,,Hospice Africa Ltd,GB-CHC-1024903,80,United Kingdom,GB,true,true,2015-04-01T01:23:45+00:00
HTSPE,,,,,,HTSPE,GB-COH-06407873,70,United Kingdom,GB,true,true,2014-11-18T22:36:20+00:00
Human Relief Foundation,,,,,,Human Relief Foundation,GB-CHC-1126281,21,United Kingdom,GB,true,true,2017-10-31T11:08:10+00:00
Humanitarian Aid Office of the European Commission,,,,,,Humanitarian Aid Office of the European Commission,EU-4,40,,,true,true,2013-07-04T15:42:50Z
ICA:UK,,,,,,ICA:UK,GB-CHC-1090745,22,United Kingdom,GB,true,true,2014-11-30T22:12:46+00:00
ICCO Cooperation,,,,,,ICCO Cooperation,NL-KVK-56484038,21,Netherlands,NL,true,true,
ICF Consulting Services Ltd,,,,,,ICF Consulting Services Ltd,GB-COH-04161656,70,United Kingdom,GB,,true,
ICS,,,,,,ICS,NL-KVK-41188664,21,Netherlands,NL,,true,
IDEO.org,,,,,,IDEO.org,US-EIN-27-3755556,21,United States,US,true,true,2017-10-11T21:27:20+00:00
IHE Delft Institute for Water Education,,,,,,IHE Delft Institute for Water Education,NL-KVK-41146484,80,Netherlands,NL,,true,
IMC WORLDWIDE,,,,,,IMC WORLDWIDE,GB-COH-02651349,70,United Kingdom,GB,,true,
Indigo Trust,,,,,,Indigo Trust,GB-CHC-1075920,60,United Kingdom,GB,true,true,2016-05-19T17:20:37Z
Institute of Development Studies,,,,,,Institute of Development Studies,GB-COH-877338,80,United Kingdom,GB,,true,
Integrity Action,,,,,,Integrity Action,GB-COH-4884328,21,United Kingdom,GB,true,true,2015-08-13T23:19:39+00:00
Integrity Research and Consultancy Ltd,,,,,,Integrity Research and Consultancy Ltd,GB-COH-07321996,70,United Kingdom,GB,true,true,2018-01-09T17:43:27+00:00
Inter-American Development Bank,,,,,,Inter-American Development Bank,XI-IATI-IADB,40,,,,true,
Interact Worldwide,,,,,,Interact Worldwide,GB-CHC-1001698,21,United Kingdom,GB,,true,
InterAction's NGO Aid Map,,,,,,InterAction's NGO Aid Map,US-EIN-13-3287064NAM,21,United States,US,,true,
InterAction,,,,,,InterAction,US-EIN-13-3287064,21,United States,US,,true,
interburns,,,,,,interburns,GB-CHC-1122299,21,United Kingdom,GB,true,true,2014-12-16T05:23:15+00:00
InterClimate Network,,,,,,InterClimate Network,GB-COH-06587734,21,United Kingdom,GB,,true,
International Alert,,,,,,International Alert,GB-COH-2153193,21,United Kingdom,GB,,true,
International Bureau of Fiscal Documentation (IBFD),,,,,,International Bureau of Fiscal Documentation (IBFD),NL-KVK-41197411,80,Netherlands,NL,,true,
International Child Development Initiatives,,,,,,International Child Development Initiatives,NL-KVK-41169161,21,Netherlands,NL,,true,
International Climate Initiative / BMUB Programmbuero IKI,,,,,,International Climate Initiative / BMUB Programmbuero IKI,XI-IATI-IKI,10,Germany,DE,,true,
International Development Law Organization (IDLO),,,,,,International Development Law Organization (IDLO),XM-DAC-47059,10,Italy,IT,true,true,2017-10-05T14:34:25+00:00
International Finance Corporation,,,,,,International Finance Corporation,XM-DAC-903,40,United States,US,true,true,2016-12-19T09:15:37Z
International Fund for Agricultural Development (IFAD),,,,,,International Fund for Agricultural Development (IFAD),XM-DAC-41108,40,,,true,true,2017-09-29T09:55:27Z
International HIV/AIDS Alliance,,,,,,International HIV/AIDS Alliance,GB-CHC-1038860,21,United Kingdom,GB,true,true,2017-11-27T14:59:26+00:00
International IDEA,,,,,,International IDEA,XM-DAC-47058,40,Sweden,SE,true,true,2017-09-08T07:37:01+00:00
International Labour Organization,,,,,,International Labour Organization,XM-DAC-41302,40,Switzerland,CH,,true,
International Medical Corps UK,,,,,,International Medical Corps UK,GB-CHC-1093861,21,United Kingdom,GB,true,true,2015-10-07T21:53:28+00:00
International Network for Bamboo and Rattan (INBAR),,,,,,International Network for Bamboo and Rattan (INBAR),XM-DAC-47064,40,,,,true,
International Network of People who Use Drugs (INPUD),,,,,,International Network of People who Use Drugs (INPUD),GB-COH-08828458,21,United Kingdom,GB,true,true,2017-04-13T14:21:24+00:00
International Planned Parenthood Federation,,,,,,International Planned Parenthood Federation,GB-CHC-21023,21,United Kingdom,GB,true,true,2014-11-30T23:27:15+00:00
International Procurement Agency,,,,,,International Procurement Agency,NL-KVK-32037590,70,Netherlands,NL,true,true,2016-06-28T08:40:50+00:00
International Rescue Committee UK,,,,,,International Rescue Committee UK,GB-CHC-1065972,21,United Kingdom,GB,true,true,2017-08-16T17:13:26+00:00
International Service,,,,,,International Service,GB-CHC-1069182,21,United Kingdom,GB,true,true,2017-10-11T08:18:32+00:00
International Treatment Preparedness Coalition (ITPC),,,,,,International Treatment Preparedness Coalition (ITPC),BW-CIPA-CO20151011,21,Botswana,BW,,true,
International Union for Conservation of Nature and Natural Resources,,,,,,International Union for Conservation of Nature and Natural Resources,XM-DAC-30011,15,Switzerland,CH,true,true,2017-12-11T12:04:32Z
International Women's Development Agency,,,,,,International Women's Development Agency,AU-ACNC-19242959685,21,Australia,AU,true,true,2016-06-06T08:34:34+00:00
Internews Europe,,,,,,Internews Europe,GB-CHC-1148404,21,United Kingdom,GB,true,true,2016-10-27T04:48:14+00:00
IntraHealth International,,,,,,IntraHealth International,US-EIN-550825466,21,United States,US,true,true,2017-10-18T17:36:30Z
IOD PARC,,,,,,IOD PARC,GB-COH-03613839,70,United Kingdom,GB,true,true,2015-12-23T23:30:56+00:00
iPartner India,,,,,,iPartner India,GB-CHC-1114944,21,United Kingdom,GB,true,true,2015-04-20T20:24:01+00:00
Ipas,,,,,,Ipas,US-EIN-56-1071085,21,United States,US,true,true,2018-01-02T19:43:38+00:00
IPE Global Limited,,,,,,IPE Global Limited,IN-MCA-U74140DL1998PLC097579,70,India,IN,,true,
IRC,,,,,,IRC,NL-KVK-41151952,21,Netherlands,NL,,true,
Ireland - Department of Foreign Affairs and Trade,,,,,,Ireland - Department of Foreign Affairs and Trade,XM-DAC-21-1,10,Ireland,IE,true,true,2017-12-19T16:10:40+00:00
Islamic Relief Worldwide,,,,,,Islamic Relief Worldwide,GB-CHC-328158,21,United Kingdom,GB,true,true,2017-09-11T09:53:34+00:00
Itad,,,,,,Itad,GB-COH-1869600,70,United Kingdom,GB,true,true,2016-01-29T00:54:17+00:00
ITPC,,,,,,ITPC,XI-IATI-BWCO20151011,21,,,true,true,2017-02-25T12:49:31+00:00
IUCN Nederlands Comité,,,,,,IUCN Nederlands Comité,NL-KVK-41180885,21,Netherlands,NL,true,true,2016-04-29T16:06:38+00:00
Japan International Cooperation Agency (JICA),,,,Japan International Cooperation Agency (JICA),,Japan International Cooperation Agency (JICA),XM-DAC-701-8,10,Japan,JP,true,true,2016-10-18T01:54:55+00:00
Jeevika Trust,,,,,,Jeevika Trust,GB-CHC-291167,21,United Kingdom,GB,,true,
Just Associates,,,,,,Just Associates,US-EIN-06-1597-668,21,United States,US,true,true,2016-04-28T14:59:03+00:00
Karuna Trust,,,,,,Karuna Trust,GB-CHC-327461,21,United Kingdom,GB,,true,
Kepa ry,,,,,,Kepa ry,FI-PRO-143138,22,Finland,FI,true,true,2014-09-24T23:32:03+00:00
KPMG East Africa,,,,,,KPMG East Africa,TZ-BRLA-36057,70,Kenya,KE,,true,
KPMG LLP,,,,,,KPMG LLP,GB-COH-OC301540,70,United Kingdom,GB,true,true,2016-02-09T23:41:19+00:00
KwaAfrica,,,,,,KwaAfrica,GB-CHC-1054369,21,United Kingdom,GB,true,true,2016-11-08T13:39:18+00:00
LAMB Health Care Foundation,,,,,,LAMB Health Care Foundation,GB-CHC-1101217,22,United Kingdom,GB,true,true,2016-02-29T20:32:02+00:00
Landell Mills,,,,,,Landell Mills,GB-COH-1574821,70,United Kingdom,GB,,true,
LEAD International,,,,,,LEAD International,GB-COH-4075590,21,United Kingdom,GB,,true,
Learning for Life,,,,,,Learning for Life,GB-CHC-1105277,21,United Kingdom,GB,true,true,2017-08-03T14:45:05+00:00
Leonard Cheshire Disability,,,,,,Leonard Cheshire Disability,GB-CHC-218186,21,United Kingdom,GB,true,true,2014-03-05T02:26:25+00:00
Lepra,,,,,,Lepra,GB-CHC-213251,21,United Kingdom,GB,true,true,2016-10-06T16:19:08+00:00
LIGHT FOR THE WORLD The Netherlands,,,,,,LIGHT FOR THE WORLD The Netherlands,NL-KVK-41180500,21,Netherlands,NL,,true,
Link Community Development International,,,,,,Link Community Development International,GB-CHC-1048007,21,United Kingdom,GB,true,true,2016-12-01T15:35:44+00:00
Link Community Development Scotland,,,,,,Link Community Development Scotland,GB-SC-SC037959,21,United Kingdom,GB,,true,
Lively Minds,,,,,,Lively Minds,GB-CHC-1125512,21,United Kingdom,GB,true,true,2014-05-07T12:15:09+00:00
Living Earth Foundation,,,,,,Living Earth Foundation,GB-CHC-800672,21,United Kingdom,GB,,true,
Local and regional governments,,,,,,Local and regional governments,XM-DAC-69-30,,,,true,false,2017-03-09T13:48:12
Local Development and Small Projects Support,,,,,,Local Development and Small Projects Support,TR-MOI-27-018-163,22,Turkey,TR,,true,
MADE in Europe,,,,,,MADE in Europe,GB-COH-1134415,21,United Kingdom,GB,,true,
MAG,,,,,,MAG,GB-CHC-1083008,21,United Kingdom,GB,true,true,2015-04-17T01:37:50+00:00
Magariro,,,,,,Magariro,MZ-MOJ-F2G1No4,22,Mozambique,MZ,,true,
Mainline,,,,,,Mainline,NL-KVK-41209946,60,Netherlands,NL,true,true,2017-11-10T11:04:01+00:00
Malaria Consortium,,,,,,Malaria Consortium,GB-CHC-1099776,21,United Kingdom,GB,true,true,2014-09-25T04:51:42+00:00
Mama Cash,,,,,,Mama Cash,NL-KVK-41202535,60,Netherlands,NL,true,true,2016-04-22T16:59:34+00:00
MannionDaniels,,,,,,MannionDaniels,GB-COH-04105827,70,United Kingdom,GB,true,true,2017-12-04T14:51:47+00:00
MapAction,,,,,,MapAction,GB-CHC-1126727,21,United Kingdom,GB,,true,
Marie Stopes International,,,,,,Marie Stopes International,GB-COH-1102208,21,United Kingdom,GB,true,true,2013-08-01T02:57:34+00:00
market and employment for peace and stability,,,,,,market and employment for peace and stability,XI-IATI-CHE105834763,21,,,true,true,2017-10-04T10:17:08+00:00
marysmeals,,,,,,marysmeals,GB-SC-SCO45223,21,United Kingdom,GB,true,true,2016-10-26T09:43:09+00:00
Max Foundation,,,,,,Max Foundation,NL-KVK-34219433,60,Netherlands,NL,,true,
Maxwell Stamp PLC,,,,,,Maxwell Stamp PLC,GB-COH-00637978,70,United Kingdom,GB,true,true,2015-12-21T22:50:10+00:00
McKinsey & Company,,,,,,McKinsey & Company,GB-COH-FC012665,70,,,,true,
Medair,,,,,,Medair,CH-FDJP-106064950,21,Switzerland,CH,,true,
Meningitis Research Foundation,,,,,,Meningitis Research Foundation,GB-CHC-1091105,21,United Kingdom,GB,true,true,2017-05-18T12:36:49+00:00
Mensen met een Missie,,,,,,Mensen met een Missie,NL-KVK-41149831,22,Netherlands,NL,true,true,2016-11-28T13:49:01+00:00
Mercy Corps Europe,,,,,,Mercy Corps Europe,GB-SC-SC030289,21,United Kingdom,GB,true,true,2017-05-25T10:59:59+00:00
MICAIA,,,,,,MICAIA,GB-CHC-1120413,21,United Kingdom,GB,true,true,2014-11-30T22:20:36+00:00
MicroLoan Foundation,,,,,,MicroLoan Foundation,GB-CHC-1104287,21,United Kingdom,GB,true,true,2014-08-05T10:34:57+00:00
Mifumi UK,,,,,,Mifumi UK,GB-CHC-1038785,21,United Kingdom,GB,true,true,2017-08-17T11:08:36+00:00
Milieudefensie,,,,,,Milieudefensie,NL-KvK-40530467,22,Netherlands,NL,true,true,2016-01-05T02:55:59+00:00
Ministry of Finance,,,,,,Ministry of Finance,XM-DAC-69-3,,,,true,false,2017-03-09T13:48:12
Ministry of Foreign and European Affairs of the Slovak Republic,,,,,,Ministry of Foreign and European Affairs of the Slovak Republic,XM-DAC-69-1,10,Slovakia,SK,true,true,2017-03-09T13:48:12
Ministère de l'Economie et des Finances du Bénin,Ministère de l'Economie et des Finances du Benin,,,,,Ministère de l'Economie et des Finances du Benin,XM-DAC-236,10,Benin,BJ,true,true,2017-04-04T14:05:12Z
Miscellaneous,,,,,,Miscellaneous,XM-DAC-69-99,,,,true,false,2017-03-09T13:48:12
Mondiaal FNV,,,,,,Mondiaal FNV,NL-KvK-41177601,22,Netherlands,NL,true,true,2016-05-20T13:51:36+00:00
mothers2mothers,,,,,,mothers2mothers,ZA-NPO-025-359,21,South Africa,ZA,true,true,2015-02-02T00:34:08+00:00
Motivation,,,,,,Motivation,GB-CHC-1079358,21,United Kingdom,GB,true,true,2016-10-06T12:22:25+00:00
Mott MacDonald Limited,,,,,,Mott MacDonald Limited,GB-COH-1110949,70,United Kingdom,GB,,true,
Mulanje Mission Hospital,,,,,,Mulanje Mission Hospital,MW-MRA-20125995,22,Malawi,MW,true,true,2017-08-01T12:05:01+00:00
Muslim Aid,,,,,,Muslim Aid,GB-CHC-295224,21,United Kingdom,GB,true,true,2015-02-03T23:42:04+00:00
MVO Nederland,,,,,,MVO Nederland,NL-KVK-30195730,15,Netherlands,NL,,true,
Nathan Associates London Ltd.,,,,,,Nathan Associates London Ltd.,GB-COH-02768268,70,United Kingdom,GB,,true,
Natural Resource Governance Institute,,,,,,Natural Resource Governance Institute,US-EIN-20-4451390,21,United States,US,true,true,2015-04-16T23:30:41+00:00
Near East Foundation (NEF USA),,,,,,Near East Foundation (NEF USA),US-EIN-13-1624114,21,United States,US,true,true,2017-06-07T17:06:06Z
Netherlands - Ministry of Foreign Affairs,,,,,,Netherlands - Ministry of Foreign Affairs,XM-DAC-7,10,Netherlands,NL,true,true,2017-12-28T09:10:38
Netherlands Enterprise Agency,,,,,,Netherlands Enterprise Agency,NL-KVK-27378529,10,Netherlands,NL,,true,
Netherlands Institute for Multiparty Democracy (NIMD),,,,,,Netherlands Institute for Multiparty Democracy (NIMD),NL-KVK-27189542,21,Netherlands,NL,true,true,2016-04-15T14:54:43+00:00
Netherlands Red Cross,,,,,,Netherlands Red Cross,NL-KVK-40409352,21,Netherlands,NL,,true,
Network for Africa,,,,,,Network for Africa,GB-CHC-1120932,21,United Kingdom,GB,true,true,2015-02-04T04:39:08+00:00
Network of International Development Organisations in Scotland,,,,,,Network of International Development Organisations in Scotland,GB-SC-035314,23,United Kingdom,GB,,true,
New Zealand - Ministry of Foreign Affairs and Trade - New Zealand Aid Programme,,,,,,New Zealand - Ministry of Foreign Affairs and Trade - New Zealand Aid Programme,NZ-1,10,New Zealand,NZ,,true,
Norad - Norwegian Agency for Development Cooperation,,,,,,Norad - Norwegian Agency for Development Cooperation,NO-BRC-971277882,10,Norway,NO,true,true,2017-12-05T14:53:01.157
Norwegian People's Aid,,,,,,Norwegian People's Aid,NO-BRC-871033552,21,Norway,NO,true,true,2017-10-31T09:41:32+00:00
Norwegian Refugee Council,,,,,,Norwegian Refugee Council,NO-BRC-977538319,21,Norway,NO,,true,
Omidyar Network Fund Inc.,,,,,,Omidyar Network Fund Inc.,US-EIN-20-1173866,60,United States,US,true,true,2016-12-12T09:30:30
One Acre Fund,,,,,,One Acre Fund,US-DOS-64562614,21,,,true,true,2016-11-15T20:45:15+00:00
One to One Children's Fund,,,,,,One to One Children's Fund,GB-CHC-1086159,21,United Kingdom,GB,true,true,2014-07-11T02:41:42+00:00
ONG ALCRER,"Association de Lutte Contre le Racisme, l'Ethnocentrisme et le Régionalisme",,,,,"Association de Lutte Contre le Racisme, l'Ethnocentrisme et le Régionalisme",BJ-IFU-6201200599008,22,Benin,BJ,true,true,2017-10-20T14:12:22Z
openmindedly,,,,,,openmindedly,IM-CR-024714B,70,Isle Of Man,IM,true,true,2016-12-14T08:00:00Z
Opportunity International UK,,,,,,Opportunity International UK,GB-COH-05322719,21,United Kingdom,GB,,true,
Options Consultancy Services,,,,,,Options Consultancy Services,GB-COH-2695347,70,United Kingdom,GB,true,true,2015-12-02T03:34:16+00:00
Orbis Charitable Trust,,,,,,Orbis Charitable Trust,GB-CHC-1061352,21,United Kingdom,GB,true,true,2017-09-12T09:27:16+00:00
Other ministries,,,,,,Other ministries,XM-DAC-69-18,,,,true,false,2017-03-09T13:48:12
Overseas Development Institute,,,,,,Overseas Development Institute,GB-CHC-228248,80,United Kingdom,GB,,true,
Oxfam America,,,,,,Oxfam America,US-EIN-23-7069110,21,United States,US,true,true,2017-11-13T14:40:10+00:00
Oxfam GB,,,,,,Oxfam GB,GB-CHC-202918,21,United Kingdom,GB,true,true,2017-10-31T09:57:36
Oxfam IBIS,,,,,,Oxfam IBIS,DK-CVR-88136411,21,Denmark,DK,true,true,2016-04-28T11:35:08+00:00
Oxfam India,,,,,,Oxfam India,IN-MCA-U74999DL2004NPL131340,22,India,IN,,true,
Oxfam Novib,,,,,,Oxfam Novib,NL-KVK-27108436,21,Netherlands,NL,true,true,2017-10-24T07:15:37Z
Oxford Policy Management,,,,,,Oxford Policy Management,GB-COH-3122495,70,United Kingdom,GB,,true,
Pact,,,,,,Pact,US-EIN-13-2702768,21,United States,US,true,true,2018-01-05T14:17:12Z
Palladium International Ltd (UK),,,,,,Palladium International Ltd (UK),GB-COH-2394229,70,United Kingdom,GB,,true,
Palladium,,,,,,Palladium,GB-COH-02394229,70,,,true,true,2016-06-23T14:41:51+00:00
Palliative Care Support Trust,,,,,,Palliative Care Support Trust,MW-RG-2977,22,Malawi,MW,true,true,2017-08-07T07:24:18+00:00
partos,,,Partos,,,Partos,NL-KVK-34214586,22,Netherlands,NL,true,true,2014-09-24T09:44:37+00:00
PAX,,,,,,PAX,NL-KVK-30214009,21,Netherlands,NL,true,true,2017-12-18T11:00:00Z
PEAS (Promoting Equality in African Schools),,,,,,PEAS (Promoting Equality in African Schools),GB-CHC-1126550,21,United Kingdom,GB,true,true,2014-07-11T02:41:44+00:00
Penal Reform International,,,,,,Penal Reform International,GB-COH-04154075,21,United Kingdom,GB,,true,
People In Aid,,,,,,People In Aid,GB-CHC-1078768,21,United Kingdom,GB,,true,
People in Need,,,,,,People in Need,CZ-ICO-25755277,21,Czech Republic,CZ,true,true,2017-06-28T12:40:48+00:00
PHASE Worldwide,,,,,,PHASE Worldwide,GB-CHC-1112734,21,United Kingdom,GB,true,true,2014-07-11T02:40:55+00:00
Plan International Finland,,,,,,Plan International Finland,FI-PRO-1498487-2,21,Finland,FI,,true,
Plan International UK,,,,,,Plan International UK,GB-COH-1364201,21,United Kingdom,GB,true,true,2016-12-21T10:59:17+00:00
Plan Ireland Charitable Assistance Limited,,,,,,Plan Ireland Charitable Assistance Limited,IE-CHY-15037,21,Ireland,IE,true,true,2014-03-05T02:29:57+00:00
Plan Nederland,,,,,,Plan Nederland,NL-KvK-41198890,21,Netherlands,NL,true,true,2016-04-29T14:36:28+00:00
PONT,,,,,,PONT,GB-CHC-1125948,21,United Kingdom,GB,,true,
Pontis Foundation,,,,,,Pontis Foundation,SK-ZRSR-31784828,60,Slovakia,SK,true,true,2014-12-12T21:52:33+00:00
Population Service International,,,,,,Population Service International,21032,21,United States,US,,true,
Population Services International,,,,,,Population Services International,XI-IATI-21032,21,,,true,true,2017-05-09T13:57:39+00:00
Power International,,,,,,Power International,GB-CHC-1059996,21,United Kingdom,GB,true,true,2014-11-30T22:37:18+00:00
Practical Action,,,,,,Practical Action,GB-COH-871954,21,United Kingdom,GB,,true,
PricewaterhouseCoopers Private Limited India,,,,,,PricewaterhouseCoopers Private Limited India,IN-MCA-U74140WB1983PTC036093,70,India,IN,true,true,2018-01-04T07:11:56+00:00
Private Infrastructure Development Group,,,,,,Private Infrastructure Development Group,XM-DAC-47086,40,United Kingdom,GB,true,true,2016-03-16T23:36:42+00:00
Progressio,,,,,,Progressio,GB-CHC-294329,21,United Kingdom,GB,true,true,2016-07-01T12:02:52+00:00
Project Harar,,,,,,Project Harar,GB-CHC-1094272,21,United Kingdom,GB,true,true,2014-09-12T01:37:37+00:00
Promundo-US,,,,,,Promundo-US,US-EIN-26-1931968,21,United States,US,true,true,2016-08-12T05:13:22+00:00
PROTECTING FAMILIES AGAINST HIV/AIDS (PREFA),,,,,,PROTECTING FAMILIES AGAINST HIV/AIDS (PREFA),UG-RSB-63360,22,,,true,true,2016-05-20T07:04:32+00:00
Protecting Families Against HIV/AIDS,,,,,,Protecting Families Against HIV/AIDS,UG-NGB-63360,22,Uganda,UG,,true,
Publish What You Fund,,,,,,Publish What You Fund,GB-COH-07676886,21,United Kingdom,GB,true,true,2016-04-21T16:44:28
PUM Netherlands,,,,,,PUM Netherlands,NL-KVK-41160229,21,Netherlands,NL,true,true,2017-06-27T08:28:03+00:00
Pump Aid,,,,,,Pump Aid,GB-CHC-1077889,21,United Kingdom,GB,true,true,2014-07-11T02:40:36+00:00
PwC,,,,,,PwC,GB-COH-03580586,70,United Kingdom,GB,,true,
Railway Children,,,,,,Railway Children,GB-CHC-1058991,21,United Kingdom,GB,true,true,2013-03-26T02:48:45+00:00
RAIN Foundation,,,,,,RAIN Foundation,NL-KVK-34200988,21,Netherlands,NL,,true,
Rainforest Foundation UK,,,,,,Rainforest Foundation UK,GB-CHC-1138287,21,United Kingdom,GB,,true,
Red Cross Red Crescent Climate Centre,,,,,,Red Cross Red Crescent Climate Centre,NL-KVK-27267681,21,Netherlands,NL,,true,
Relief International UK,,,,,,Relief International UK,GB-CHC-1098106,21,United Kingdom,GB,true,true,2015-05-20T22:33:16+00:00
Resource Extraction Monitoring,,,,,,Resource Extraction Monitoring,GB-COH-4905100,21,United Kingdom,GB,,true,
Restless Development,,,,,,Restless Development,GB-CHC-1127488,21,United Kingdom,GB,true,true,2013-12-31T04:25:42+00:00
Retrak,,,,,,Retrak,GB-CHC-1122799,21,United Kingdom,GB,true,true,2014-07-11T02:49:21+00:00
RNW Media,,,,,,RNW Media,NL-KVK-32022621,21,,,true,true,2017-04-19T13:30:00Z
Rojiroti UK,,,,,,Rojiroti UK,GB-CHC-1147083,21,United Kingdom,GB,true,true,2015-04-02T05:14:38+00:00
Romania Ministry of Foreign Affairs,,,,,,Romania Ministry of Foreign Affairs,XM-DAC-77,10,Romania,RO,,true,
Royal Society for the Protection of Birds,,,,,,Royal Society for the Protection of Birds,GB-CHC-207076,21,United Kingdom,GB,,true,
Royal Tropical Institute,,,,,,Royal Tropical Institute,NL-KVK-33185213,21,Netherlands,NL,true,true,2017-11-06T13:01:43+00:00
Rutgers,,,,,,Rutgers,NL-KVK-41193594,21,Netherlands,NL,true,true,2016-05-23T09:13:52+00:00
Saferworld,,,,,,Saferworld,GB-CHC-1043843,21,United Kingdom,GB,true,true,2017-07-26T12:59:34+00:00
Samaritan's Purse UK,,,,,,Samaritan's Purse UK,GB-CHC-1001349,21,United Kingdom,GB,true,true,2014-02-26T01:56:16+00:00
Save the Children International,,,,,,Save the Children International,GB-CHC-1076822,21,United Kingdom,GB,true,true,2017-12-13T13:00:00
Save the Children Netherlands,,,,,,Save the Children Netherlands,NL-KVK-41201463,21,Netherlands,NL,,true,
Save the Children UK,,,,,,Save the Children UK,GB-COH-213890,21,United Kingdom,GB,true,true,2016-09-23T12:00:00
Scottish Catholic International Aid Fund (SCIAF),,,,,,Scottish Catholic International Aid Fund (SCIAF),GB-SC-SC012302,21,United Kingdom,GB,true,true,2014-11-30T22:41:18+00:00
Search for Common Ground (SFCG),,,,,,Search for Common Ground (SFCG),BE-BCE_KBO-0453475391,21,Belgium,BE,,true,
Self Help Africa,,,,,,Self Help Africa,IE-CHY-6663,21,Ireland,IE,true,true,2013-09-16T12:36:11+00:00
Send a Cow,,,,,,Send a Cow,GB-CHC-299717,21,United Kingdom,GB,true,true,2013-07-24T02:05:52+00:00
Sense International,,,,,,Sense International,GB-CHC-1076497,21,United Kingdom,GB,,true,
ShelterBox,,,,,,ShelterBox,GB-CHC-1096479,21,United Kingdom,GB,true,true,2015-02-06T01:08:36+00:00
Shtrii Shakti,,,,,,Shtrii Shakti,NP-SWC-00589,22,Nepal,NP,,true,
Sightsavers,,,,,,Sightsavers,GB-CHC-207544,21,United Kingdom,GB,true,true,2017-02-28T10:50:22+00:00
Signal,,,,,,Signal,GB-CHC-1151615,21,United Kingdom,GB,true,true,2015-04-17T01:33:25+00:00
Simavi,,,,,,Simavi,NL-KVK-40594571,60,Netherlands,NL,true,true,2016-07-28T14:10:21+00:00
Simprints,,,,,,Simprints,GB-COH-8835431,21,United Kingdom,GB,true,true,2017-08-17T16:01:41+00:00
Siren Associates,,,,,,Siren Associates,GB-COH-NI630024,70,United Kingdom,GB,,true,
Slovak agency for Internal Development Cooperation,,,,,,Slovak agency for Internal Development Cooperation,XM-DAC-69-2,,,,true,false,2017-03-09T13:48:12
SNV Netherlands Development Organisation,,,,,,SNV Netherlands Development Organisation,NL-KVK-41152786,21,Netherlands,NL,true,true,2017-01-19T09:18:39Z
Social Impact Lab CIC,,,,,,Social Impact Lab CIC,GB-COH-7557881,21,United Kingdom,GB,true,true,2014-03-31T02:55:00+00:00
Social Watch Benin,Social Watch Benin,,,,,Social Watch Benin,BJ-IFU-6201101048400,22,Benin,BJ,true,true,2017-10-20T14:12:59Z
Société Nationale des eaux du Bénin (SONEB),,,,,,Société Nationale des eaux du Bénin (SONEB),BJ-IFU-3200700033415,15,Benin,BJ,,true,
Solidaridad Europe,,,,,,Solidaridad Europe,NL-KVK-41150939,21,Netherlands,NL,true,true,2017-10-29T10:25:17+00:00
Solidaridad,,,,,,Solidaridad,NL-KVK-51756811,21,Netherlands,NL,true,true,2016-07-28T18:25:17+00:00
Sonke Gender Justice,,,,,,Sonke Gender Justice,ZA-PBO-064-502,21,South Africa,ZA,true,true,2017-01-27T13:32:40+00:00
SOS Children's Villages The Netherlands,,,,,,SOS Children's Villages The Netherlands,NL-KVK-41197577,60,Netherlands,NL,,true,
SOS Sahel International UK,,,,,,SOS Sahel International UK,GB-COH-2100867,21,United Kingdom,GB,,true,
Sound Seekers Limited,,,,,,Sound Seekers Limited,GB-COH-04354941,21,United Kingdom,GB,,true,
Southern African Catholic Bishops' Conference Aids Office,,,,,,Southern African Catholic Bishops' Conference Aids Office,ZA-NPO-061-870,23,South Africa,ZA,,true,
Spain - Ministry of Foreign Affairs and Cooperation,,,,,,Spain - Ministry of Foreign Affairs and Cooperation,ES-DIR3-E04585801,10,Spain,ES,,true,
SPARK,,,,,,SPARK,NL-KVK-41213450,21,Netherlands,NL,,true,
Stars Foundation,,,,,,Stars Foundation,GB-CHC-1087997,60,United Kingdom,GB,true,true,2014-02-05T04:07:20+00:00
Stichting ActionAId,,,,,,Stichting ActionAId,NL-KVK-41217595,21,Netherlands,NL,true,true,2016-07-15T08:27:24+00:00
Stichting Aflatoun International,,,,,,Stichting Aflatoun International,NL-KVK-34229026,21,Netherlands,NL,,true,
Stichting fondsbeheer DGGF lokaal MKB,,,,,,Stichting fondsbeheer DGGF lokaal MKB,NL-KVK-61172863,60,Netherlands,NL,,true,
Stichting Health Action International,,,,,,Stichting Health Action International,NL-KVK-41207580,60,Netherlands,NL,true,true,2016-11-22T13:59:33+00:00
Stichting Kinderpostzegels Nederland,,,,,,Stichting Kinderpostzegels Nederland,NL-KVK-41167934,21,Netherlands,NL,true,true,2017-03-21T08:07:20+00:00
Stichting Mayday Rescue Foundation,,,,,,Stichting Mayday Rescue Foundation,NL-KVK-855689493,60,Netherlands,NL,true,true,2017-01-04T09:04:34+00:00
Stichting Nederlands Instituut voor Internationale Betrekkingen 'Clingendael',,,,,,Stichting Nederlands Instituut voor Internationale Betrekkingen 'Clingendael',NL-KVK-41152832,80,Netherlands,NL,,true,
Stichting Onderzoek Multinationale Ondernemingen (SOMO),,,,,,Stichting Onderzoek Multinationale Ondernemingen (SOMO),NL-KVK-41223308,80,Netherlands,NL,true,true,2017-05-31T07:15:37Z
Stichting Red een Kind,,,,,,Stichting Red een Kind,NL-KVK-41022454,21,Netherlands,NL,true,true,2015-03-10T23:21:40+00:00
Stichting Tosangana,,,,,,Stichting Tosangana,NL-KVK-27285408-6,22,Netherlands,NL,,true,
Stichting Vluchteling,,,Stichting Vluchteling,,,Stichting Vluchteling,NL-KVK-41149486,21,Netherlands,NL,true,true,2016-08-08T11:04:11+00:00
Stichting Woord en Daad,,,Stichting Woord en Daad,,,Stichting Woord en Daad,NL-KVK-41118168,21,Netherlands,NL,true,true,2016-04-19T08:12:30+00:00
Street Child,,,,,,Street Child,GB-CHC-1128536,21,United Kingdom,GB,true,true,2014-01-15T03:16:43+00:00
StreetInvest,,,,,,StreetInvest,GB-CHC-1127206,21,United Kingdom,GB,true,true,2014-11-30T22:43:58+00:00
Stromme Foundation,,,,,,Stromme Foundation,XI-IATI-5914-1107,22,Uganda,UG,,true,
Support Trust for Africa Development (STAD),,,,,,Support Trust for Africa Development (STAD),NL-KVK-27251823,21,Netherlands,NL,,true,
Survivors Fund (SURF),,,,,,Survivors Fund (SURF),GB-CHC-1065705,21,United Kingdom,GB,,true,
Swiss Agency for Development and Cooperation (SDC),,,,,,Swiss Agency for Development and Cooperation (SDC),XM-DAC-CH-4,10,,,true,true,2017-03-14T09:48:27+00:00
Switzerland - Swiss Agency for Development and Cooperation (SDC),,,,,,Switzerland - Swiss Agency for Development and Cooperation (SDC),CH-4,10,Switzerland,CH,,true,
Sympany+,,,,,,Sympany+,NL-KVK-30285304,21,Netherlands,NL,true,true,2015-01-22T21:21:53+00:00
Target TB,,,,,,Target TB,GB-CHC-1098752,21,United Kingdom,GB,,true,
TB Alert,,,,,,TB Alert,GB-CHC-1071886,21,United Kingdom,GB,true,true,2016-09-20T16:10:53+00:00
Teach A Man To Fish,,,,,,Teach A Man To Fish,GB-CHC-1112699,21,United Kingdom,GB,true,true,2014-08-18T11:30:11+00:00
TEAR fund Nederland,,,,,,TEAR fund Nederland,NL-KVK-41177385,22,Netherlands,NL,true,true,2016-08-17T14:19:19+00:00
Tearfund,,,,,,Tearfund,GB-CHC-265464,21,United Kingdom,GB,true,true,2015-03-17T04:42:02+00:00
TechnoServe,,,,,,TechnoServe,US-EIN-13-2626135,21,United States,US,,true,
Terre des Hommes Netherlands,,,,,,Terre des Hommes Netherlands,NL-KVK-41149287,21,Netherlands,NL,,true,
THE CONVENTION ON BUSINESS INTEGRITY LTD (GTE),,,,,,THE CONVENTION ON BUSINESS INTEGRITY LTD (GTE),NG-CAC-RC481360,22,,,true,true,2016-11-15T11:52:28+00:00
The HALO Trust,,,,,,The HALO Trust,GB-CHC-1001813,21,,,true,true,2017-02-27T17:55:00+00:00
Theatre for a Change Malawi,,,,,,Theatre for a Change Malawi,MW-NBM-00139,22,Malawi,MW,true,true,2014-06-17T01:33:11+00:00
Theatre for a Change UK,,,,,,Theatre for a Change UK,GB-CHC-1104458,21,United Kingdom,GB,true,true,2014-02-20T02:44:15+00:00
TradeMark East Africa,,,,,,TradeMark East Africa,KE-RCO-CPR/2009/5689,23,Kenya,KE,,true,
Traidcraft Exchange,,,,,,Traidcraft Exchange,GB-COH-3031674,21,United Kingdom,GB,true,true,2017-12-08T15:24:51+00:00
Transnational Institute,,,,,,Transnational Institute,NL-KVK-41201806,60,Netherlands,NL,true,true,2016-04-28T07:45:13+00:00
Transparency International Bangladesh,,,,,,Transparency International Bangladesh,BD-NAB-1301,22,Bangladesh,BD,,true,
Transparency International Secretariat,,,,,,Transparency International Secretariat,21033,21,Germany,DE,true,true,2015-01-15T10:10:10.00
TREE AID,,,,,,TREE AID,GB-CHC-1135156,21,United Kingdom,GB,true,true,2014-05-29T11:20:31+00:00
Trianglen,,,,,Trianglen,Trianglen,DK-CVR-33985339,22,Denmark,DK,true,true,2017-04-28T18:25:43+00:00
Triple Line,,,,,,Triple Line,GB-COH-03788027,70,United Kingdom,GB,,true,
Trocaire (Northern Ireland),,,,,,Trocaire (Northern Ireland),GB-COH-NI21482,21,United Kingdom,GB,true,true,2014-06-25T02:32:49+00:00
Tropenbos International (TBI),,,,,,Tropenbos International (TBI),NL-KVK-41155305,22,,,true,true,2017-05-03T11:37:15+00:00
Trust for Africa's Orphans,,,,,,Trust for Africa's Orphans,GB-CHC-1069208,21,United Kingdom,GB,,true,
Twin,,,,,,Twin,GB-CHC-291824,21,United Kingdom,GB,true,true,2017-11-15T12:28:42+00:00
UHAI EASHRI,,,,,,UHAI EASHRI,KE-RCO-201036685,60,Kenya,KE,,true,
UK - Department for International Development (DFID),,,,,,UK - Department for International Development (DFID),GB-GOV-1,10,United Kingdom,GB,true,true,2017-10-19T12:10:00
UK - Department of Health (DH),,,,,,UK - Department of Health (DH),GB-GOV-10,10,United Kingdom,GB,,true,
UK - Foreign & Commonwealth Office,,,,,,UK - Foreign & Commonwealth Office,GB-GOV-3,10,United Kingdom,GB,,true,
UK - Medical Research Council,,,,,,UK - Medical Research Council,GB-COH-RC000346,10,United Kingdom,GB,,true,
UK - Ministry of Defence,,,,,,UK - Ministry of Defence,GB-GOV-8,10,United Kingdom,GB,true,true,2017-02-10T07:19:43+00:00
UK - Scottish Government,,,,,,UK - Scottish Government,GB-GOV-21,10,United Kingdom,GB,,true,
UK - Welsh Government's Wales for Africa Programme,,,,,,UK - Welsh Government's Wales for Africa Programme,XM-DAC-12-22,10,United Kingdom,GB,true,true,2014-06-27T10:14:53+00:00
UN Pooled Funds,,,,,,UN Pooled Funds,XI-IATI-UNPF,40,,,,true,
UN Women,,,,,,UN Women,XM-DAC-411124,40,,,,true,
UN-Habitat,,,,,,UN-Habitat,41120,40,"Bilateral, unspecified",,,true,
UNICEF Netherlands National Committee,,,,,,UNICEF Netherlands National Committee,NL-KVK-27102631,22,Netherlands,NL,,true,
Union of Agricultural Work Committees,,,,,,Union of Agricultural Work Committees,PS-MOI-RA-22220-A,22,"Palestinian Territory, Occupied",PS,,true,
UNITAID,,,,,,UNITAID,XM-DAC-30010,40,,,true,true,2017-10-06T13:31:16+00:00
United Disabled Persons of Kenya,,,,,,United Disabled Persons of Kenya,KE-RSO-14210,22,Kenya,KE,,true,
United Mission to Nepal,,,,,,United Mission to Nepal,XI-IATI-1002,21,Nepal,NP,true,true,2015-09-30T04:00:45+00:00
United Nations Capital Development Fund,,,,,,United Nations Capital Development Fund,41111,40,United States,US,,true,
United Nations Central Emergency Response Fund (CERF),,,,,,United Nations Central Emergency Response Fund (CERF),XM-OCHA-CERF,40,United States,US,,true,
United Nations Children's Fund (UNICEF),,,,,,United Nations Children's Fund (UNICEF),41122,40,"Bilateral, unspecified",,,true,
United Nations Development Programme (UNDP),,,,,,United Nations Development Programme (UNDP),XM-DAC-41114,40,,,true,true,2018-01-19T17:10:35
United Nations Foundation,,,,,,United Nations Foundation,US-EIN-58-2368165,60,United States,US,,true,
United Nations Joint Programme on HIV and AIDS Secretariat (UNAIDS),,,,,,United Nations Joint Programme on HIV and AIDS Secretariat (UNAIDS),XM-DAC-41110,40,Switzerland,CH,true,true,2016-12-20T13:07:53+00:00
United Nations OCHA Financial Tracking Service (UN OCHA FTS),,,,,,United Nations OCHA Financial Tracking Service (UN OCHA FTS),XM-OCHA-FTS,40,Switzerland,CH,,true,
United Nations Office for the Coordination of Humanitarian Affairs (OCHA),,,,,,United Nations Office for the Coordination of Humanitarian Affairs (OCHA),XM-DAC-41127,40,Switzerland,CH,,true,
United Nations Population Fund,,,,,,United Nations Population Fund,41119,40,"Bilateral, unspecified",,true,true,2017-08-12T00:00:00-04:00
United Nations World Food Programme (WFP),,,,,,United Nations World Food Programme (WFP),XM-DAC-41140,40,Italy,IT,true,true,2018-01-15T15:46:25
United Purpose,,,,,,United Purpose,GB-CHC-272465,21,United Kingdom,GB,true,true,2016-12-16T13:28:51+00:00
United Work,,,,,,United Work,NL-KVK-67143555,22,Netherlands,NL,true,true,2017-07-30T13:06:35+00:00
University of Amsterdam,,,,,,University of Amsterdam,NL-KVK-34370207,80,Netherlands,NL,,true,
University of Birmingham,,,,,,University of Birmingham,GB-EDU-133784,80,United Kingdom,GB,,true,
Upper Quartile,,,,,,Upper Quartile,GB-COH-SC301345,70,United Kingdom,GB,true,true,2015-12-31T06:49:39+00:00
Urgent Action Fund for Women's Human Rights,,,,,,Urgent Action Fund for Women's Human Rights,US-EIN-03-041973,21,United States,US,true,true,2016-04-28T14:21:21+00:00
Urgent Action Fund Latin America and the Caribbean,,,,,,Urgent Action Fund Latin America and the Caribbean,CO-CCB-00159397,23,Colombia,CO,true,true,2016-04-18T15:05:18+00:00
Urgent Action Fund-Africa,,,,,,Urgent Action Fund-Africa,KE-NCB-200201282375,23,Kenya,KE,true,true,2016-04-26T13:19:46+00:00
UTZ,,,,,,UTZ,NL-KVK-34159275,21,Netherlands,NL,,true,
Varkey Foundation,,,,,,Varkey Foundation,GB-CHC-1145119,21,Ghana,GH,true,true,2017-03-24T16:11:02+00:00
Vision Aid Overseas,,,,,,Vision Aid Overseas,GB-CHC-1081695,21,United Kingdom,GB,true,true,2014-11-30T22:52:40+00:00
Vision for a Nation Foundation,,,,,,Vision for a Nation Foundation,GB-CHC-1140123,21,United Kingdom,GB,true,true,2013-03-22T12:50:09+00:00
Viva,,,,,,Viva,GB-CHC-1053389,21,United Kingdom,GB,true,true,2014-03-05T02:26:57+00:00
VNG International,,,,,,VNG International,NL-kvk-27195046,15,Netherlands,NL,true,true,2017-11-17T15:53:29Z
Voluntary Service Overseas (VSO),,,,,,Voluntary Service Overseas (VSO),GB-CHC-313757,21,United Kingdom,GB,true,true,2014-03-24T03:13:24+00:00
Wageningen University & Research - Stichting Wageningen Research,,,,,,Wageningen University & Research - Stichting Wageningen Research,NL-KVK-09098104,80,Netherlands,NL,true,true,2016-07-04T15:19:32+00:00
War Child Canada,,,,,,War Child Canada,CA-CRA_ACR-872374426,21,Canada,CA,,true,
War Child Holland,,,,,,War Child Holland,NL-KVK-41215393,21,Netherlands,NL,,true,
War Child UK,,,,,,War Child UK,GB-CHC-1071659,21,United Kingdom,GB,,true,
War on Want NI,,,,,,War on Want NI,GB-COH-NI011322,21,United Kingdom,GB,true,true,2014-11-11T22:53:24+00:00
War on Want,,,,,,War on Want,GB-CHC-208724,21,United Kingdom,GB,true,true,2014-12-08T04:32:24+00:00
WASH Alliance International,,,,,,WASH Alliance International,XI-IATI-WAI,21,Netherlands,NL,true,true,2017-01-10T11:09:14+00:00
WASTE advisers on urban environment and development,,,,,,WASTE advisers on urban environment and development,NL-KVK-41172933,60,Netherlands,NL,,true,
Water & Sanitation for the Urban Poor (WSUP),,,,,,Water & Sanitation for the Urban Poor (WSUP),GB-COH-5419428,30,United Kingdom,GB,true,true,2013-10-18T02:59:07+00:00
Water for People,,,,,,Water for People,US-EIN-84-1166148,21,United States,US,true,true,2014-05-29T09:33:18+00:00
Water Witness International,,,,,,Water Witness International,GB-COH-353570,21,United Kingdom,GB,,true,
Water Works,,,,,,Water Works,GB-CHC-1158206,21,United Kingdom,GB,true,true,2017-01-09T12:33:26+00:00
WaterAid,,,,,,WaterAid,GB-CHC-288701,21,United Kingdom,GB,true,true,2015-07-21T12:00:00Z
Welbodi Partnership,,,,,,Welbodi Partnership,GB-CHC-1125217,80,United Kingdom,GB,true,true,2015-04-21T01:33:35+00:00
Wellfound,,,,,,Wellfound,GB-CHC-1110434,21,United Kingdom,GB,true,true,2015-11-16T22:24:44+00:00
Wemos Foundation,,,,,,Wemos Foundation,NL-KVK-41201644,21,Netherlands,NL,true,true,2016-04-28T14:53:33+00:00
Wetlands International,,,,,,Wetlands International,NL-KVK-9099028,21,,,,true,
Win Win Strategies,,,,,,Win Win Strategies,NL-KVK-66926262,21,Netherlands,NL,true,true,2017-07-11T15:06:18+00:00
Windle Trust Kenya,,,,,,Windle Trust Kenya,KE-NCB-OP/218/051/915/65,22,Kenya,KE,,true,
WNF Wereld Natuur Fonds,,,,,,WNF Wereld Natuur Fonds,NL-KVK-41177588,21,Netherlands,NL,,true,
Womankind Worldwide,,,,,,Womankind Worldwide,GB-CHC-328206,21,United Kingdom,GB,true,true,2016-02-15T03:34:56+00:00
Women and Children First (UK),,,,,,Women and Children First (UK),GB-CHC-1085096,21,United Kingdom,GB,true,true,2014-03-07T09:46:01+00:00
Women Environmental Programme,,,,,,Women Environmental Programme,NG-CAC-495140,22,Nigeria,NG,true,true,2017-02-17T14:29:36+00:00
Women for Women International (UK),,,,,,Women for Women International (UK),GB-CHC-1115109,21,United Kingdom,GB,,true,
Women Peacemakers Program,,,,,,Women Peacemakers Program,NL-KVK-56083459,21,Netherlands,NL,,true,
Women's Action Group,,,,,,Women's Action Group,ZW-ROD-MA988/87,22,Zimbabwe,ZW,,true,
Women's Environment & Development Organization,,,,,,Women's Environment & Development Organization,US-EIN-52-1238773,21,United States,US,true,true,2017-03-01T00:15:01+00:00
Women's Global Network on Reproductive Rights,,,,,,Women's Global Network on Reproductive Rights,PH-SEC-FN200806591,21,Philippines,PH,,true,
Women's Refugee Commission,,,,,,Women's Refugee Commission,US-EIN-46-3668128,21,United States,US,true,true,2017-12-29T19:47:53+00:00
World Association for Christian Communication (UK),,,,,,World Association for Christian Communication (UK),GB-COH-2082273,21,United Kingdom,GB,,true,
World Child Cancer UK,,,,,,World Child Cancer UK,GB-CHC-1084729,21,United Kingdom,GB,true,true,2014-09-12T01:37:55+00:00
World Economic Forum Geneva,,,,,,World Economic Forum Geneva,CH-FDJP-66004229946,21,Switzerland,CH,,true,
World Economic Forum,,,,,,World Economic Forum,US-EIN-20-3908371,21,United States,US,true,true,2017-02-22T14:18:55+00:00
World Federalist Movement - Institute for Global Policy,,,,,,World Federalist Movement - Institute for Global Policy,NL-KVK-41153698,21,Netherlands,NL,,true,
World Health Organization,,,,,,World Health Organization,XM-DAC-928,40,Switzerland,CH,,true,
World Resources Institute,,,,,,World Resources Institute,US-EIN-521257057,21,United States,US,true,true,2018-01-17T17:32:24+00:00
World Vision International,,,,,,World Vision International,US-EIN-95-3202116,21,United States,US,true,true,2018-01-06T13:44:52+00:00
World Vision Netherlands,,,,,,World Vision Netherlands,NL-KVK-41179943,60,Netherlands,NL,true,true,2016-06-23T06:48:28+00:00
World Vision UK,,,,,,World Vision UK,GB-CHC-285908,21,United Kingdom,GB,,true,
World Waternet,,,,,,World Waternet,NL-KVK-34271281,60,Netherlands,NL,,true,
WWF-UK,,,,,,WWF-UK,GB-CHC-1081247,21,United Kingdom,GB,true,true,2017-08-03T13:28:04+00:00
WYG International,,,,,,WYG International,GB-COH-3195485,70,United Kingdom,GB,true,true,2015-12-23T05:18:48+00:00
Y Care International,,,,,,Y Care International,GB-CHC-1109789,21,United Kingdom,GB,true,true,2017-06-28T08:13:07+00:00
Young Innovations Pvt. Ltd,,,,,,Young Innovations Pvt. Ltd,NP-CRO-45995/063/064,80,Nepal,NP,,true,
Youth Business International,,,,,,Youth Business International,GB-CHC-1123946,21,United Kingdom,GB,,true,
Youth Net and Counselling - YONECO,,,,,,Youth Net and Counselling - YONECO,MW-CNM-C076-1999,22,Malawi,MW,true,true,2017-10-18T08:08:25+00:00
Zimbabwe Educational Trust,,,,,,Zimbabwe Educational Trust,GB-CHC-327519,21,United Kingdom,GB,true,true,2013-12-18T02:24:09+00:00
Zimmerman & Zimmerman,,,,,,Zimmerman & Zimmerman,NL-KVK-51018586,70,Netherlands,NL,true,true,2014-05-07T05:03:34+00:00
Zing,,,,,,Zing,GB-CHC-1133342,60,United Kingdom,GB,,true,
ZOA,,,,,,ZOA,NL-KVK-41009723,21,Netherlands,NL,true,true,2016-02-09T03:12:25+00:00
