narrative,identifier,version,language,filepath,reporting_org_identifier,reporting_org_type,reporting_org_name,last_updated
"""KEXIM(EDCF)""","""KR-GOV-021""",2.02,en,data/organisation.xml/odakorea-org/iati_org_KOREA.xml,KR-GOV-021,10,KEXIM(EDCF),
"""KOICA""","""KR-GOV-051""",2.02,en,data/organisation.xml/odakorea-org/iati_org_KOREA.xml,KR-GOV-021,10,KEXIM(EDCF),
"""Ministry of Agriculture, Food and Rural Affairs""","""KR-GOV-090""",2.02,en,data/organisation.xml/odakorea-org/iati_org_KOREA.xml,KR-GOV-021,10,KEXIM(EDCF),
"""Ministry of Culture, Sports, and Tourism""","""KR-GOV-080""",2.02,en,data/organisation.xml/odakorea-org/iati_org_KOREA.xml,KR-GOV-021,10,KEXIM(EDCF),
"""Ministry of Education""","""KR-GOV-030""",2.02,en,data/organisation.xml/odakorea-org/iati_org_KOREA.xml,KR-GOV-021,10,KEXIM(EDCF),
"""Ministry of Employment and Labor""","""KR-GOV-130""",2.02,en,data/organisation.xml/odakorea-org/iati_org_KOREA.xml,KR-GOV-021,10,KEXIM(EDCF),
"""Ministry of Environment""","""KR-GOV-120""",2.02,en,data/organisation.xml/odakorea-org/iati_org_KOREA.xml,KR-GOV-021,10,KEXIM(EDCF),
"""Ministry of Foreign Affairs and Trade ""","""KR-GOV-050""",2.02,en,data/organisation.xml/odakorea-org/iati_org_KOREA.xml,KR-GOV-021,10,KEXIM(EDCF),
"""Ministry of Gender Equality and Family""","""KR-GOV-140""",2.02,en,data/organisation.xml/odakorea-org/iati_org_KOREA.xml,KR-GOV-021,10,KEXIM(EDCF),
"""Ministry of Health and Welfare""","""KR-GOV-110""",2.02,en,data/organisation.xml/odakorea-org/iati_org_KOREA.xml,KR-GOV-021,10,KEXIM(EDCF),
"""Ministry of Interior""","""KR-GOV-070""",2.02,en,data/organisation.xml/odakorea-org/iati_org_KOREA.xml,KR-GOV-021,10,KEXIM(EDCF),
"""Ministry of Justice""","""KR-GOV-060""",2.02,en,data/organisation.xml/odakorea-org/iati_org_KOREA.xml,KR-GOV-021,10,KEXIM(EDCF),
"""Ministry of Land, Infrastructure and Transport""","""KR-GOV-150""",2.02,en,data/organisation.xml/odakorea-org/iati_org_KOREA.xml,KR-GOV-021,10,KEXIM(EDCF),
"""Ministry of Science and ICT""","""KR-GOV-040""",2.02,en,data/organisation.xml/odakorea-org/iati_org_KOREA.xml,KR-GOV-021,10,KEXIM(EDCF),
"""Ministry of Strategy and Finance""","""KR-GOV-020""",2.02,en,data/organisation.xml/odakorea-org/iati_org_KOREA.xml,KR-GOV-021,10,KEXIM(EDCF),
"""Ministry of Trade, Industry and Energy""","""KR-GOV-100""",2.02,en,data/organisation.xml/odakorea-org/iati_org_KOREA.xml,KR-GOV-021,10,KEXIM(EDCF),
"""Office for Government Policy Coordination""","""KR-GOV-010""",2.02,en,data/organisation.xml/odakorea-org/iati_org_KOREA.xml,KR-GOV-021,10,KEXIM(EDCF),
"Foreign Affairs, Trade and Development Canada",CA-3,2.01,en,data/organisation.xml/gac-amc-org/dfatd-maecd_organisation.xml,CA-3,10,"Foreign Affairs, Trade and Development Canada",2016-10-31T16:00:00-05:00
"Friends of the Earth England, Wales and Northern Ireland",GB-CHC-281681,1.03,en,data/organisation.xml/foe_ewni-org/foe_ewni-org.xml,GB-CHC-281681,22,"Friends of the Earth England, Wales and Northern Ireland",2015-01-29T03:01:39+00:00
"IDH, the Sustainable Trade Initiative",NL-KVK-53521129,2.02,en,data/organisation.xml/idh-org/idh-org.xml,NL-KVK-53521129,21,"IDH, the Sustainable Trade Initiative",2016-12-28T08:01:33+00:00
"Ministry of Education, Science, Research and Sport",XM-DAC-69-4,2.02,en,data/organisation.xml/slovakaid-69_1/iati-organization-standard-sk.xml,,,,2017-03-09T13:48:12
"Ministry of Foreign Affairs and Cooperation, Spain",ES-DIR3-E04585801-009-001091,2.01,en,data/organisation.xml/maec-organisation/maec-organisation.xml,ES-DIR3-E04585801,10,ES-DIR3-E04585801-009-001091,2015-11-26T00:00:00
"Ministry of Foreign Affairs, Denmark",DK-1,2.02,en,data/organisation.xml/danida-org/iati-organisations.xml,XI-IATI,10,International Aid Transparency Initiative Organisation Identifier,2018-01-15T00:00:00
"Sweden, Sida/MFA",SE-0,2.01,en,data/organisation.xml/sida-organisation/sida-org.xml,SE-0,10,"Sweden, Sida/MFA",2016-01-14T15:50:30
"The Global Fund to Fight AIDS, Tuberculosis and Malaria",47045,1.05,en,data/organisation.xml/theglobalfund-org/Organization,47045,40,"The Global Fund to Fight AIDS, Tuberculosis and Malaria",2017-01-26T09:26:58
"These links include Simavi's Annual Report 2015 and 2014, Theory of Change and a worldmap of Simavi projects, to give insight in Simavi's way of working.",NL-KVK-40594571,2.02,en,data/organisation.xml/simavi-org/simavi-org.xml,NL-KVK-40594571,22,Simavi,2016-07-28T14:10:21+00:00
"ZOA - Relief, Hope, Recovery",NL-KVK-41009723,2.01,en,data/organisation.xml/zoa-org/zoa-org.xml,NL-KVK-41009723,21,ZOA,2016-02-09T03:12:25+00:00
,,1.02,en,data/organisation.xml/buildafrica-org/buildafrica-org.xml,GB-CHC-298316,21,Build Africa,2013-09-26T17:00:54+00:00
,,1.02,en,data/organisation.xml/hsa-o1/HSA_Admin-org.xml,IATI,22,Heifer Project South Africa,2013-09-12T11:39:04+00:00
,,1.03,en,data/organisation.xml/irishaid-org/IATI-org-file-2017-05-09.xml,XM-DAC-21-1,10,Irish Department of Foreign Affairs,2016-11-09T12:16:38
,21-PK-WWF,1.01,en,data/organisation.xml/wwfpakistan-org/wwfpakistan-org.xml,21-PK-WWF,21,World Wide Fund for Nature - Pakistan,
,GB-CHC-1020488,1.02,en,data/organisation.xml/cic-org/cic-org.xml,GB-CHC-1020488,21,Children in Crisis,2013-10-12T17:52:46+00:00
,GB-CHC-1055436,1.03,en,data/organisation.xml/cr-org/cr-org.xml,GB-CHC-1055436,21,Conciliation Resources,2015-05-15T09:53:07+00:00
,GB-CHC-1064413,1.02,en,data/organisation.xml/ai_1064413-org/ai_1064413-org.xml,GB-CHC-1064413,21,African Initiatives,2013-04-04T19:31:57+00:00
,GB-CHC-1074937,1.03,en,data/organisation.xml/adrauk-org/adrauk-org.xml,GB-CHC-1074937,21,ADRA-UK,2013-12-06T10:31:30+00:00
,GB-CHC-1076497,1.03,en,data/organisation.xml/sense_international-org/sense_international-org.xml,GB-CHC-1076497,21,Sense International,2014-06-11T15:02:53+00:00
,GB-CHC-1098752,1.03,en,data/organisation.xml/targettb-org/targettb-org.xml,GB-CHC-1098752,21,Target Tuberculosis,2013-12-18T11:27:49+00:00
,GB-CHC-1108464,1.03,en,data/organisation.xml/bauk-org/bauk-org.xml,GB-CHC-1108464,21,Bees Abroad UK,2014-12-05T11:25:09+00:00
,GB-CHC-1837621,1.02,en,data/organisation.xml/hpa-org/hpa-org.xml,GB-CHC-1837621,21,Health Poverty Action,2013-07-19T15:29:29+00:00
,GB-CHC-327421,1.02,en,data/organisation.xml/art19-org/art19-org.xml,GB-CHC-327421,21,Article 19,2013-11-11T05:36:12+00:00
,GB-CHC-328434,1.02,en,data/organisation.xml/childhopeuk-org/childhopeuk-org.xml,GB-CHC-328434,21,ChildHopeUK,2013-03-18T06:38:17+00:00
,GB-COH-03259922,1.03,en,data/organisation.xml/cal-org/cal-org.xml,GB-COH-03259922,70,Crown Agents Limited,2014-01-20T10:05:27+00:00
,GB-COH-05322719,1.03,en,data/organisation.xml/opportunity-international-uk-org/opportunity-international-uk-org.xml,GB-COH-05322719,21,Opportunity International,2014-10-22T01:40:53+00:00
,GB-COH-1100897,1.02,en,data/organisation.xml/akfuk73-org/akfuk73-org.xml,GB-COH-1100897,21,Aga Khan Foundation (United Kingdom),2013-07-29T14:07:13+00:00
,GB-COH-1858644,1.03,en,data/organisation.xml/dai-e-org/dai-e-org.xml,GB-COH-1858644,70,DAI Europe,2013-12-03T10:52:31+00:00
,GB-COH-4887855,1.02,en,data/organisation.xml/hp_12-org/hp_12-org.xml,GB-COH-4887855,21,HealthProm,2013-04-11T13:19:14+00:00
,GB-COH-877338,2.01,en,data/organisation.xml/ids-org/ids-org.xml,GB-COH-877338,80,The Institute of Development Studies,2016-02-25T12:50:13+00:00
,GB-SC-035314,1.03,en,data/organisation.xml/nidos-org/nidos-org.xml,GB-SC-035314,23,Network of International Development Organisations in Scotland,2014-03-04T02:50:22+00:00
,KE-NGC-3372,1.03,en,data/organisation.xml/ke-ngc-3372-org/ke-ngc-3372-org.xml,KE-NGC-3372,22,I CHOOSE LIFE AFRICA,2013-12-04T02:35:22+00:00
,NG-CAC-5938,1.02,en,data/organisation.xml/arfh-org/arfh-org.xml,NG-CAC-5938,22,Association for Reproductive and Family Health,2013-06-24T10:25:17+00:00
,UG-CHC-SACU_admin,1.03,en,data/organisation.xml/sacu-org/sacu-org.xml,UG-CHC-SACU_admin,22,Send a Cow Uganda,2015-09-17T08:56:27+00:00
Abaseen Foundation UK,GB-CHC-1157009,2.02,en,data/organisation.xml/abaseen-org/abaseen-org.xml,GB-CHC-1157009,21,Abaseen Foundation UK,2016-06-02T08:47:49+00:00
AbleChildAfrica,GB-CHC-326859,1.03,en,data/organisation.xml/ablechildafrica-org/ablechildafrica-org.xml,GB-CHC-326859,21,AbleChildAfrica,2015-06-17T20:56:07+00:00
Access to Nutrition Foundation,NL-KVK-58279199,2.02,en,data/organisation.xml/atnf-org/atnf-org.xml,NL-KVK-58279199,21,Access to Nutrition Foundation,2017-12-14T13:23:02+00:00
Across,KE-NGC-9381,1.03,en,data/organisation.xml/across-org/across-org.xml,KE-NGC-9381,21,Across,2015-06-30T02:12:04+00:00
Act4Africa,GB-COH-04276635,2.02,en,data/organisation.xml/act4africa-org/act4africa-org.xml,GB-COH-04276635,22,Act4Africa,2016-07-18T11:26:33+00:00
ACTED,FR-SIRET-4028868160030,1.03,en,data/organisation.xml/acted-org/acted-org.xml,FR-SIRET-4028868160030,21,ACTED,2014-03-26T02:30:02+00:00
Action Against Hunger,GB-CHC-1047501,1.03,en,data/organisation.xml/acf-org/acf-org.xml,GB-CHC-1047501,21,Action Against Hunger,2015-05-15T02:30:22+00:00
Adam Smith International Limited,GB-COH-2732176,1.03,en,data/organisation.xml/asi-org/asi-org.xml,GB-COH-2732176,70,Adam Smith International,2014-03-26T11:48:36+00:00
ADD International,GB-COH-294860,1.03,en,data/organisation.xml/addinternational-org/addinternational-org.xml,GB-COH-294860,21,ADD International,2013-12-06T04:28:26+00:00
Aeras,US-EIN-522044704,2.02,en,data/organisation.xml/aeras-org/aeras-org.xml,US-EIN-522044704,21,Aeras,2017-10-30T20:32:50+00:00
Afghanistan and Central Asian Association,GB-CHC-1096908,1.02,en,data/organisation.xml/acaa-org/acaa-org.xml,GB-CHC-1096908,21,Afghanistan and Central Asian Association,2013-11-01T12:17:26+00:00
Afghanistan Public Policy Research Organization (APPRO),AF-MOE-1212,2.02,en,data/organisation.xml/appro-af-org/appro-af-org.xml,AF-MOE-1212,80,Afghanistan Public Policy Research Organization (APPRO),2016-10-02T10:37:43+00:00
Africa Educational Trust,GB-CHC-313139,2.01,en,data/organisation.xml/aet-org/aet-org.xml,GB-CHC-313139,21,Africa Educational Trust,2016-04-20T10:16:02+00:00
African Development Bank Group,46002,2.01,en,data/organisation.xml/afdb-org/IATIOrganisationData.xml,46002,40,African Development Bank Group,2017-08-18T12:13:08
AfriKids,GB-CHC-1141028,2.02,en,data/organisation.xml/afrikids-org/afrikids-org.xml,GB-CHC-1141028,21,AfriKids,2017-04-04T09:09:16+00:00
Agence Française de Développement,XI-IATI-FR-3,2.01,fr,data/organisation.xml/afd-org/afd-org.xml,XI-IATI-FR-3,15,Agence Française de Développement,2017-12-11T16:20:40+00:00
Agency for Cooperation and Research in Development,GB-CHC-283302,1.03,en,data/organisation.xml/acord-org/acord-org.xml,GB-CHC-283302,21,ACORD,2014-01-15T03:01:57+00:00
AgriProFocus,NL-KVK-30204842,2.02,en,data/organisation.xml/agriprofocus-1/iati-org,NL-KVK-30204842,60,AgriProFocus,2017-07-04T16:04:36Z
AgriProFocus,NL-KVK-30204842,2.02,en,data/organisation.xml/agriprofocus-org/iati-org,NL-KVK-30204842,60,AgriProFocus,2017-07-04T16:04:36Z
AICS - Agenzia Italiana per la Cooperazione allo Sviluppo,XM-DAC-6-4,2.02,it,data/organisation.xml/aics-org/aics-org.xml,XM-DAC-6-4,10,AICS - Italian Agency for Cooperation and Development,2017-06-02T14:04:50
Aids Fonds - STOP AIDS NOW! - Soa Aids Nederland,NL-KVK-41207989,2.02,en,data/organisation.xml/nl-kvk-41207989-org/nl-kvk-41207989-org.xml,NL-KVK-41207989,21,Aids Fonds - STOP AIDS NOW! - Soa Aids Nederland,2016-11-23T09:00:11+00:00
AKTIS STRATEGY LTD,GB-COH-08327972,2.02,en,data/organisation.xml/aktis-org/aktis-org.xml,GB-COH-08327972,70,AKTIS STRATEGY LTD,2016-04-06T08:36:04+00:00
Akvo Foundation,NL-KVK-27327087,2.02,en,data/organisation.xml/akvo-1/iati-org,NL-KVK-27327087,21,Akvo Foundation,2017-05-19T09:21:37Z
All We Can (formerly Methodist Relief and Development Fund),GB-CHC-291691,1.03,en,data/organisation.xml/allwecan-org/allwecan-org.xml,GB-CHC-291691,21,All We Can (formerly Methodist Relief and Development Fund),2014-07-04T10:38:14+00:00
Amnesty International The Netherlands,NL-KVK-40530953,2.02,en,data/organisation.xml/amnesty-2/IATIactivityorganisation_AINL_2017_Q2.txt,Amnesty International Nederland,21,Amnesty International The Netherlands,2017-07-31T10:00:00Z
Amref Flying Doctors,NL-KVK-41150298,2.02,en,data/organisation.xml/amrefnl-org/amrefnl-org.xml,NL-KVK-41150298,21,Amref Flying Doctors,2017-07-05T07:03:08+00:00
Amref Health Africa - UK,GB-CHC-261488,1.03,en,data/organisation.xml/amrefha-org/amrefha-org.xml,GB-CHC-261488,21,Amref Health Africa - UK,2014-04-17T02:39:44+00:00
Amref Health Africa Headquarters,KE-RCO-C1-61,2.02,en,data/organisation.xml/amrefhq-org/amrefhq-org.xml,KE-RCO-C1-61,21,Amref Health Africa Headquarters,2017-07-04T12:25:30+00:00
Amref Health Africa in Ethiopia,ET-MFA-0001989741,2.02,en,data/organisation.xml/amrefeth-org/amrefeth-org.xml,ET-MFA-0001989741,21,Amref Health Africa in Ethiopia,2017-05-18T15:49:16+00:00
Amref Health Africa in Kenya,KE-NCB-93175,2.02,en,data/organisation.xml/amrefkenya-org/amrefkenya-org.xml,KE-NCB-93175,22,Amref Health Africa in Kenya,2017-02-13T23:26:56+00:00
Amref Health Africa in Malawi,MW-NBM-R1527,2.02,en,data/organisation.xml/amrefmw-org/amrefmw-org.xml,MW-NBM-R1527,22,Amref Health Africa in Malawi,2017-02-16T08:17:42+00:00
Amref Health Africa Uganda,UG-NGB-5914-252,2.02,en,data/organisation.xml/amrefug-org/amrefug-org.xml,UG-NGB-5914-252,22,Amref Health Africa Uganda,2017-08-30T07:02:04+00:00
Anti-Slavery International,GB-CHC-1049160,2.01,en,data/organisation.xml/asil-org/asil-org.xml,GB-CHC-1049160,21,Anti-Slavery International,2015-11-30T03:17:00+00:00
APPRO-Europe,BE-GTCF-630789842,2.02,en,data/organisation.xml/appro-eu-org/appro-eu-org.xml,BE-GTCF-630789842,80,APPRO - Europe,2016-10-01T04:16:55+00:00
APT Action on Poverty,GB-CHC-290836,1.03,en,data/organisation.xml/apt-org/apt-org.xml,GB-CHC-290836,21,APT Action on Poverty,2014-12-11T21:10:51+00:00
Asian Development Bank,46004,1.03,,data/organisation.xml/asdb-org/adb-org.xml,46004,40,Asian Development Bank,2017-10-31T15:00:00
Association for Progressive Communication,US-EIN-943287156,2.02,en,data/organisation.xml/apc-org/apc-org.xml,US-EIN-943287156,21,Association for Progressive Communication,2017-08-21T09:49:31+00:00
Association for Women's Rights in Development (AWID),US-EIN-521291786,2.02,en,data/organisation.xml/awid-org/awid-org.xml,US-EIN-521291786,21,Association for Women's Rights in Development (AWID),2016-04-29T08:12:01+00:00
Association Nationale des Communes du Bénin,BJ-IFU-6201408024805,2.02,fr,data/organisation.xml/ancb_benin-org/iati-org,BJ-IFU-6201408024805,22,Association Nationale des Communes du Bénin,2017-06-15T12:40:03Z
Atos IT Services Ltd.,GB-COH-01245534,2.01,en,data/organisation.xml/atosuk-org/atosuk-org.xml,GB-COH-01245534,70,Atos IT Services Ltd.,2016-01-23T20:13:31+00:00
Atradius Dutch State Business,NL-KVK-33226495,2.02,en,data/organisation.xml/adsb-org/adsb-org.xml,NL-KVK-33226495,70,Atradius Dutch State Business,2017-10-05T09:00:38+00:00
Australian Aid,AU-5,2.02,en,data/organisation.xml/ausgov-org/ausgov-organisation-file.xml,AU-5,10,Australian Aid,2017-11-13T00:00:00
Avocats Sans Frontières,BE-BCE-0447404580,1.03,en,data/organisation.xml/asf-org/asf-org.xml,BE-BCE-0447404580,21,Avocats Sans Frontières,2014-05-13T07:04:38+00:00
AWEPA,NL-KVK-34106722,2.02,en,data/organisation.xml/awepa-org/awepa-org.xml,NL-KVK-34106722,21,AWEPA,2017-01-12T14:27:05+00:00
Backward Society Education (BASE),NP-DAO-DANG-18-046/47,2.01,en,data/organisation.xml/base_22-org/base_22-org.xml,NP-DAO-DANG-18-046/47,22,Backward Society Education (BASE),2016-03-17T20:48:37+00:00
BasicNeeds,GB-CHC-1079599,2.02,en,data/organisation.xml/basicneeds-org/basicneeds-org.xml,GB-CHC-1079599,21,BasicNeeds,2016-05-18T14:12:19+00:00
Baylor College of Medicine Children's Foundation Malawi,MW-CNM-BCM-CF,2.02,en,data/organisation.xml/bcm-cf-org/bcm-cf-org.xml,MW-CNM-BCM-CF,22,Baylor College of Medicine Children's Foundation Malawi,2017-08-04T08:23:56+00:00
BBC Media Action,GB-CHC-1076235,1.03,en,data/organisation.xml/bbcmediaaction-org/bbcmediaaction-org.xml,GB-CHC-1076235,21,BBC Media Action,2015-07-09T02:26:48+00:00
Bees for Development Trust,GB-CHC-1078803,1.03,en,data/organisation.xml/beesfordevelopment-org/beesfordevelopment-org.xml,GB-CHC-1078803,21,Bees for Development Trust,2015-06-25T21:58:04+00:00
Belgian development agency (BTC),BE-BCE_KBO-0264814354,2.02,,data/organisation.xml/btc-ctb-organisation/organisation.xml,BE-BCE_KBO-0264814354,10,Belgian development agency (BTC),2017-12-28T05:37:47
Belgian development agency (Enabel),BE-BCE_KBO-0264814354,2.02,,data/organisation.xml/enabel-organisation/organisation.xml,BE-BCE_KBO-0264814354,10,Belgian development agency (Enabel),2018-01-16T06:51:08
Bill and Melinda Gates Organization,XM-DAC-DAC-1601,2.02,en,data/organisation.xml/bmgf-org/bmgf-org.xml,XM-DAC-DAC-1601,60,Bill and Melinda Gates Foundation,2017-09-05T22:15:49+00:00
Blue Ventures Conservation,,1.02,en,data/organisation.xml/blueventures-org/blueventures-org.xml,GB-CC-1098893,21,Blue Ventures Conservation,2013-09-11T04:45:47+00:00
Bond,GB-CHC-1068839,2.02,en,data/organisation.xml/bond-org/bond-org.xml,GB-CHC-1068839,22,Bond,2016-05-24T13:32:13+00:00
Both ENDS,NL-KVK-41210098,2.02,en,data/organisation.xml/bothends-org/bothends-org.xml,NL-KVK-41210098,22,Both ENDS,2017-05-01T08:17:05+00:00
BSR,US-EIN-52-1764268,2.02,en,data/organisation.xml/bsr_admin-org/bsr_admin-org.xml,US-EIN-52-1764268,21,BSR,2017-07-26T15:32:37+00:00
Burns Violence Survivors Nepal,NP-SWC-27288,2.02,en,data/organisation.xml/bvs-nepal-org/bvs-nepal-org.xml,NP-SWC-27288,22,Burns Violence Survivors Nepal,2017-07-29T14:41:46+00:00
CABI,XI-IATI-CABI,2.02,en,data/organisation.xml/cabi-org/cabi-org.xml,XI-IATI-CABI,40,CABI,2016-09-29T16:20:00+00:00
CARE International in Zimbabwe,ZW-PVO-15/2003,2.02,en,data/organisation.xml/ciz-org/ciz-org.xml,ZW-PVO-15/2003,22,CARE INTERNATIONAL IN ZIMBABWE,2017-12-08T10:47:30+00:00
CARE International UK,GB-CHC-202615,2.02,en,data/organisation.xml/ciuk-org/ciuk-org.xml,GB-CHC-202615,21,CARE International UK,2017-10-26T16:04:48+00:00
CARE Nederland,NL-KVK-41158230,2.02,en,data/organisation.xml/carenederland-org/carenederland-org.xml,NL-KVK-41158230,21,CARE Nederland,2016-04-28T12:28:16+00:00
Carers Worldwide,GB-CHC-1150214,1.03,en,data/organisation.xml/cww-org/cww-org.xml,GB-CHC-1150214,21,Carers Worldwide,2015-02-06T02:54:45+00:00
Caritas Denmark,DK-CVR-29439915,2.02,en,data/organisation.xml/caritas_denmark-org/caritas_denmark-org.xml,DK-CVR-29439915,22,Caritas Denmark,2017-04-06T07:23:08+00:00
Caritas Finland,FI-PRO-139407,2.02,en,data/organisation.xml/caritasfin-org/caritasfin-org.xml,FI-PRO-139407,22,Caritas Finland,2016-12-20T07:07:44+00:00
Caritas International (Belgium),BE-BCE_KBO-0410644946,2.02,en,data/organisation.xml/cibe-02/organisations.xml?id=29&hash=a77d969b23e706cb8fec1850daae34e9,BE-BCE_KBO-0410644946,21,Caritas International (Belgium),2018-01-16T06:52:30+01:00
Catholic Agency for Overseas Development,GB-CHC-285776,2.02,en,data/organisation.xml/cafod-org/cafod-org.xml,GB-CHC-285776,21,Catholic Agency for Overseas Development,2017-11-29T16:42:21+00:00
CATHOLIC RELIEF SERVICES,US-EIN-13-5563422,2.02,en,data/organisation.xml/crs_vyf-org/crs_vyf-org.xml,US-EIN-13-5563422,21,CATHOLIC RELIEF SERVICES,2017-09-20T11:53:42+00:00
CDC Group PLC,GB-COH-038777,1.03,en,data/organisation.xml/cdc-org/cdc-org.xml,GB-COH-038777,15,CDC Group plc,2014-03-14T03:33:56+00:00
Cecily's Fund,GB-CHC-1071660,1.03,en,data/organisation.xml/cecily-org/cecily-org.xml,GB-CHC-1071660,21,Cecily's Fund,2014-07-23T05:37:59+00:00
Centre for Economic Policy Research (CEPR),GB-CHC-287287,2.02,en,data/organisation.xml/cepr-org/cepr-org.xml,GB-CHC-287287,22,Centre for Economic Policy Research,2017-08-04T12:37:51+00:00
CENTRE FOR INDIAN KNOWLEDGE SYSTEMS,ciks,1.01,en,data/organisation.xml/ciks-org/ciks-org.xml,ciks,23,CENTRE FOR INDIAN KNOWLEDGE SYSTEMS,2013-04-26T10:45:20+00:00
Child-to-Child,GB-CHC-1152010,1.03,en,data/organisation.xml/ctc-org/ctc-org.xml,GB-CHC-1152010,21,Child-to-Child,2015-03-04T03:04:25+00:00
ChildFund International,US-EIN-54-0536100,1.03,en,data/organisation.xml/childfund-org/childfund-org.xml,US-EIN-54-0536100,21,ChildFund International,2015-01-09T03:34:38+00:00
CHOICE for Youth and Sexuality,NL-KVK-32108345,2.02,en,data/organisation.xml/cfyas-org/cfyas-org.xml,NL-KVK-32108345,22,CHOICE for Youth and Sexuality,2017-05-04T15:10:15+00:00
Christian Aid Ireland,IE-CHY-6998,2.02,en,data/organisation.xml/caid_ireland-org/orgFile.xml,IE-CHY-6998,21,Christian Aid Ireland,2016-06-27T10:28:07+00:00
Christian Aid,GB-CHC-1105851,2.02,en,data/organisation.xml/caid-org1617/CA-Organisation-File-1617.xml,GB-CHC-1105851,21,Christian Aid,2016-05-16T13:34:45+00:00
Christian Engineers in Development,GB-CHC-293734,2.01,en,data/organisation.xml/ced-org/ced-org.xml,GB-CHC-293734,21,Christian Engineers in Development,2016-02-10T01:19:57+00:00
CIFAL Scotland,GB-SC-037597,1.03,en,data/organisation.xml/cifal-org/cifal-org.xml,GB-SC-037597,21,CIFAL Scotland,2015-01-29T22:49:19+00:00
Clean Clothes Campaign,NL-KVK-41210820,2.02,en,data/organisation.xml/ccc-org/ccc-org.xml,NL-KVK-41210820,21,Clean Clothes Campaign,2016-05-06T08:41:59+00:00
CNV International,NL-KvK-54436222-27541,2.01,en,data/organisation.xml/nl-kvk-54436222-27541-org/NL-KvK-54436222-27541-org.xml,NL-KvK-54436222-27541,22,Strategic Partnership Lobbying en Advocacy,2016-05-20T09:29:24+00:00
Coffey International Development,GB-COH-3799145,1.03,en,data/organisation.xml/coffey-org/coffey-org.xml,GB-COH-3799145,70,Coffey International Development,2014-01-16T09:53:16+00:00
ColaLife,GB-CHC-1142516,2.02,en,data/organisation.xml/colalife-org/colalife-org.xml,GB-CHC-1142516,21,ColaLife,2016-08-09T18:18:45+00:00
Concern Worldwide (UK),GB-CHC-1092236,1.03,en,data/organisation.xml/concernuk-org/concernuk-org.xml,GB-CHC-1092236,21,Concern Worldwide (UK),2015-03-16T23:34:26+00:00
Conflict Dynamics International,US-EIN-56-2460366,2.02,en,data/organisation.xml/cdi-org/cdi-org.xml,US-EIN-56-2460366,21,Conflict Dynamics International,2017-08-03T14:48:55+00:00
Cord,GB-CHC-1070684,1.03,en,data/organisation.xml/cord-org/cord-org.xml,GB-CHC-1070684,21,Cord,2014-01-08T09:36:31+00:00
Cordaid,NL-KVK-41160054,2.02,en,data/organisation.xml/cordaid-org/cordaid-org.xml,NL-KVK-41160054,21,Cordaid,2017-12-11T10:40:59+00:00
CRANE,UG-NGB-5914-9186,1.03,en,data/organisation.xml/crane-org/crane-org.xml,UG-NGB-5914-9186,22,CRANE,2014-12-05T00:42:57+00:00
CREA,US-EIN-31-1812979,2.02,en,data/organisation.xml/creausa-org-org/creausa-org-org.xml,US-EIN-31-1812979,21,Creating Resources For Empowerment And Action Inc,2017-01-06T05:30:32+00:00
CREHPA,NP-SWC-1844,2.02,en,data/organisation.xml/crehpa-org/crehpa-org.xml,NP-SWC-1844,22,CREHPA,2017-12-22T09:29:05+00:00
CUAMM Trustees,TN-TIN-102123727,1.03,en,data/organisation.xml/cuammtrustees-org/cuammtrustees-org.xml,TN-TIN-102123727,22,CUAMM Trustee,2015-08-06T02:42:22+00:00
Cyan International,GB-CHC-1129603,2.01,en,data/organisation.xml/cyan-org/cyan-org.xml,GB-CHC-1129603,21,Cyan International,2016-06-30T13:41:33+00:00
DanChurchAid,DK-CVR-36980214,2.02,en,data/organisation.xml/dca-org/dca-org.xml,DK-CVR-36980214,21,DanChurchAid,2017-02-07T11:52:58+00:00
Danida - Danish Ministry of Foreign Affairs,DK-1,1.03,en,data/organisation.xml/danida-org/DK_org_file.xml,DK-1,10,Danish Foreign Ministry,2015-05-15T14:56:10+00:00
DCAF,CH-FDJP-109458452,2.02,en,data/organisation.xml/dcaf-org/dcaf-org.xml,CH-FDJP-109458452,60,DCAF,2018-01-09T10:27:12+00:00
DECC spend under the International Climate Fund,GB-4,1.02,en,data/organisation.xml/deccadmin-org/deccadmin-org.xml,GB-4,10,UK Department of Energy and Climate Change,2013-05-20T02:44:45+00:00
Defence for Children International Netherlands - ECPAT Netherlands,NL-KVK-41208813,2.02,en,data/organisation.xml/dciecpatnl-org/dciecpatnl-org.xml,NL-KVK-41208813,22,Defence for Children International Netherlands - ECPAT Netherlands,2016-04-18T11:52:23+00:00
Delivering maternal health care through mobile biometrics in urban slums of Bangladesh,GB-COH-8835431,2.02,en,data/organisation.xml/simprints-org/simprints-org.xml,GB-COH-8835431,21,Simprints,2017-08-17T16:01:41+00:00
Department of Defense,US-GOV-7,2.02,en,data/organisation.xml/unitedstates-dod/DOD.xml,US-GOV-7,10,Department of Defense,2017-11-05T10:00:00Z
Department of Finance Canada,CA-4,2.01,en,data/organisation.xml/finance_canada-org/iati-iita-org.xml,CA-4,10,Department of Finance Canada,2017-12-19T11:51:48
Department of Health and Human Services,US-GOV-14,2.02,en,data/organisation.xml/unitedstates-hhs/HHS.xml,US-GOV-14,10,Department of Health and Human Services,2017-11-05T10:00:00Z
Department of Interior,US-GOV-9,2.02,en,data/organisation.xml/unitedstates-doi/DOI.xml,US-GOV-9,10,Department of Interior,2017-11-05T10:00:00Z
Department of Labor,US-GOV-17,2.02,en,data/organisation.xml/unitedstates-dol/DOL.xml,US-GOV-17,10,Department of Labor,2017-11-05T10:00:00Z
Department of State and USAID,US-1,2.01,en,data/organisation.xml/unitedstates-dosandusaid/DOS%20and%20USAID.xml,US-1,10,Department of State and USAID,2017-08-03T16:33:00
Department of State and USAID,US-GOV-1,2.02,en,data/organisation.xml/unitedstates-dosandusaid/DOS and USAID.xml,US-GOV-1,10,Department of State and USAID,2017-11-05T10:00:00Z
Desmond Tutu HIV Foundation,ZA-ROC-1999/05072/08,1.03,en,data/organisation.xml/dthfxx12-org/dthfxx12-org.xml,ZA-ROC-1999/05072/08,80,Desmond Tutu HIV Foundation,2014-04-09T06:49:58+00:00
Development Initiatives Poverty Research Limited,GB-COH-06368740,1.03,en,data/organisation.xml/dipr-org/dipr-org.xml,GB-COH-06368740,21,Development Initiatives Poverty Research Limited,2014-08-19T11:26:41+00:00
Developments In Literacy Trust UK,GB-CHC-1122924,1.03,en,data/organisation.xml/diltuk-org/diltuk-org.xml,GB-CHC-1122924,21,Developments In Literacy Trust UK,2015-04-20T02:31:28+00:00
DFID,UG-NGB-5914-1107,2.01,en,data/organisation.xml/stromme_ug-org/stromme_ug-org.xml,UG-NGB-5914-1107,21,Stromme Foundation,2016-10-14T12:15:35+00:00
DG Neighbourhood and Enlargement Negotiations,XI-IATI-EC_NEAR,2.02,EN,data/organisation.xml/ec-near-iati_organisation_near/iati_organisation_near.xml,XI-IATI-EC_NEAR,15,DG Neighbourhood and Enlargement Negotiations,2017-12-21T17:11:13
Digital Campus Ltd,GB-COH-07629751,1.03,en,data/organisation.xml/dc-org/dc-org.xml,GB-COH-07629751,80,Digital Campus,2014-12-01T00:08:01+00:00
Direction Nationale de l'Hydraulique,,2.02,fr,data/organisation.xml/pca-gire-org/iati-org,,10,Direction Nationale de l'Hydraulique,2017-06-08T21:08:33Z
Disability Rights Advocacy Fund,US-EIN-27-5026463,2.02,en,data/organisation.xml/draf-org/draf-org.xml,US-EIN-27-5026463,21,Disability Rights Advocacy Fund,2017-12-13T15:37:05+00:00
Disability Rights Fund,US-EIN-27-5026293,2.02,en,data/organisation.xml/drf-org/drf-org.xml,US-EIN-27-5026293,60,Disability Rights Fund,2017-12-13T15:26:24+00:00
Disasters Emergency Committee,GB-CHC-1062638,2.02,en,data/organisation.xml/dec-uk-org/dec-uk-org.xml,GB-CHC-1062638,22,Disasters Emergency Committee,2016-05-25T21:24:46+00:00
Doctors of the World UK,GB-CHC-1067406,2.02,en,data/organisation.xml/dotw_uk-org/dotw_uk-org.xml,GB-CHC-1067406,21,Doctors of the World UK,2016-10-18T16:09:15+00:00
Dorcas Aid International,NL-KVK-41236410,2.02,en,data/organisation.xml/dai-org/dai-org.xml,NL-KVK-41236410,21,Dorcas Aid International,2016-11-22T13:54:44+00:00
Dutch Employers Cooperation Programme - DECP,NL-KVK-27284008,2.02,en,data/organisation.xml/decp-org/decp-org.xml,NL-KVK-27284008,22,Dutch Employers Cooperation Programme DECP,2017-11-04T20:47:37+00:00
ECORYS UK,GB-COH-01650169,2.02,en-gb,data/organisation.xml/ecuk-org/GB-COH-01650169.xml,GB-COH-01650169,70,ECORYS UK,
Emmanuel International UK,GB-CHC-289036,2.01,en,data/organisation.xml/eiuk-org/eiuk-org.xml,GB-CHC-289036,21,Emmanuel International UK,2016-06-13T11:32:24+00:00
EMMS International,GB-SC-SC032327,2.02,en,data/organisation.xml/emms-org/emms-org.xml,GB-SC-SC032327,21,EMMS International,2017-06-27T20:17:51+00:00
Engineers Without Borders (Canada),CA-CRA-89980-1815-RR0001,1.03,en,data/organisation.xml/ewb_canada-org/ewb_canada-org.xml,CA-CRA-89980-1815-RR0001,21,Engineers Without Borders (Canada),2014-08-01T03:29:36+00:00
Enhanced Integrated Framework,XM-DAC-1409,2.02,en,data/organisation.xml/eif-org/eif-org.xml,XM-DAC-1409,40,Enhanced Integrated Framework,2017-07-25T07:21:11+00:00
European Bank for Reconstruction and Development,XI-IATI-EBRD,2.01,en,data/organisation.xml/ebrd-org/ebrd-organisation.xml,XI-IATI-EBRD,40,European Bank for Reconstruction and Development,2017-12-19T13:52:37Z
European Commission - Development and Cooperation - EuropeAid,XI-IATI-EC_DEVCO,2.02,EN,data/organisation.xml/ec-devco-iati_organisation_devco/iati_organisation_devco.xml,XI-IATI-EC_DEVCO,15,European Commission - Development and Cooperation - EuropeAid,2017-12-21T17:10:34
European Commission - Service for Foreign Policy Instruments,XI-IATI-EC_FPI,2.02,EN,data/organisation.xml/ec-fpi-iati_organisation_fpi/iati_organisation_fpi.xml,XI-IATI-EC_FPI,15,European Commission - Service for Foreign Policy Instruments,2017-12-21T17:12:05
European Investment Bank,XM-DAC-918-3,2.02,en,data/organisation.xml/eib-org/organisation.xml,XM-DAC-918-3,40,European Investment Bank,2017-12-13T13:22:08
European Journalism Centre,NL-KVK-41078390,2.02,en,data/organisation.xml/ejc-org/ejc-org.xml,NL-KVK-41078390,22,European Journalism Centre,2016-07-29T13:53:54+00:00
EveryChild,GB-CHC-1089879,1.03,en,data/organisation.xml/evc-org/evc-org.xml,GB-CHC-1089879,21,EveryChild,2014-04-29T02:39:24+00:00
Excellent Development,GB-CHC-1094478,1.03,en,data/organisation.xml/excellent-org/excellent-org.xml,GB-CHC-1094478,21,Excellent Development,2014-04-24T10:18:49+00:00
Exeter Ethiopia Link,GB-CHC-1154085,1.03,en,data/organisation.xml/eel-org/eel-org.xml,GB-CHC-1154085,21,Exeter Ethiopia Link,2015-01-27T22:52:51+00:00
Export-Import bank,XM-DAC-69-50,2.02,en,data/organisation.xml/slovakaid-69_1/iati-organization-standard-sk.xml,,,,2017-03-09T13:48:12
Fairtrade Labelling Organizations International e.V.,DE-AG-VR7795,2.02,en,data/organisation.xml/fairtrade_international-org/fairtrade_international-org.xml,DE-AG-VR7795,21,Fairtrade Labelling Organizations International,2016-07-27T09:51:09+00:00
Family AIDS Caring Trust,ZW-PVO-WO1789,2.02,en,data/organisation.xml/fact-org/fact-org.xml,ZW-PVO-WO1789,22,Family Aids Caring Trust,2017-12-05T06:06:18+00:00
Farm Africa,GB-COH-01926828,1.03,en,data/organisation.xml/fa-org/fa-org.xml,GB-COH-01926828,21,Farm Africa,2014-08-09T08:45:24+00:00
Federal Ministry for Economic Cooperation and Development,DE-1,1.05,en,data/organisation.xml/bmz-org/DE_IATI_OrgData.xml,DE-1,10,Federal Ministry for Economic Cooperation and Development,2017-12-15T18:00:00+01:00
Feed the Minds,GB-CHC-291333,1.03,en,data/organisation.xml/ftm-291333-org/ftm-291333-org.xml,GB-CHC-291333,21,Feed the Minds,2015-07-15T01:25:13+00:00
Find Your Feet,GB-CHC-250456,1.02,en,data/organisation.xml/fyf-org/fyf-org.xml,GB-CHC-250456,21,Find Your Feet,2013-05-20T10:34:40+00:00
Fondo Centroamericano de Mujeres,NI-MIGOB-3602,2.02,en,data/organisation.xml/fcam-org/fcam-org.xml,NI-MIGOB-3602,60,"Founded in 2003, the Fondo Centroamericano de Mujeres - FCAM (Central American Women's Fund) - is a feminist fund based in the region, dedicating to mobilizing resources to strengthen the women's movement and support the initiatives of women's groups and organizations, particularly young women's organizations, that promote and defend women's human rights. FCAM has reinforced its strategic role in the search of new and more financing sources to support women´s rights in a decade that has been defined by progressive reduction of the financing to civil society organizations and particularly to women´s organizations.",2016-05-17T07:27:19+00:00
Food and Agriculture Organization (FAO),XM-DAC-41301,2.02,en,data/organisation.xml/fao-org/Organisations.xml,XM-DAC-41301,40,Food and Agriculture Organization (FAO),2016-12-31T00:00:00Z
Food for the Hungry UK,GB-CHC-328273,1.03,en,data/organisation.xml/fh-org/fh-org.xml,GB-CHC-328273,21,Food for the Hungry UK,2014-07-11T02:41:52+00:00
Forests Monitor,GB-COH-3008440,1.02,en,data/organisation.xml/fm-org/fm-org.xml,GB-COH-3008440,21,Forests Monitor,2013-07-16T01:17:51+00:00
FRANK Water,GB-CHC-1121273,1.03,en,data/organisation.xml/frankwater-org/frankwater-org.xml,GB-CHC-1121273,21,FRANK Water,2014-07-30T03:34:25+00:00
Free a Girl,NL-KVK-34308169,2.01,en,data/organisation.xml/freeagirl-org/freeagirl-org.xml,NL-KVK-34308169,60,Free a Girl,2016-01-05T01:53:55+00:00
Free Press Unlimited,NL-KVK-52957535,2.02,en,data/organisation.xml/free_press_unlimited-org/free_press_unlimited-org.xml,NL-KVK-52957535,21,Free Press Unlimited,2016-04-26T15:11:38+00:00
Friends of Kipkelion,GB-CHC-1142476,2.01,en,data/organisation.xml/kipkelion-org/kipkelion-org.xml,GB-CHC-1142476,22,Friends of Kipkelion,2016-02-03T22:06:56+00:00
Friends of Publish What You Fund,US-EIN-47-4128047,2.02,en,data/organisation.xml/friendsofpwyf-org/friendsofpwyf-org.xml,US-EIN-47-4128047,21,"Friends of Publish What You Fund was established in May 2015 with the objective of promoting transparency among donors, users and implementers of international assistance in order to ensure effective spending, evaluation and accountability. Its particular focus is on U.S. transparency and accountability and it works in partnership with a number of stakeholders with similar objectives. It also grants to organizations that further its work, including to Publish What You Fund.",2016-04-20T13:44:31+00:00
Friends of the Earth International,NL-KVK-40535338,2.02,en,data/organisation.xml/foei-org/foei-org.xml,NL-KVK-40535338,21,Friends of the Earth International,2016-10-20T09:37:07+00:00
Friends of the Earth-Ghana,GH-DSW-258,1.03,en,data/organisation.xml/foe-ghana-org/foe-ghana-org.xml,GH-DSW-258,22,Friends of the Earth Ghana,2014-10-17T03:16:15+00:00
GAIN,30001,1.03,en,data/organisation.xml/gain-organisation/gain-org.xml,30001,21,The Global Alliance for Improved Nutrition,2014-12-11T23:02:02+00:00
GEMS Education Solutions,GB-COH-07669775,1.03,en,data/organisation.xml/mgcubed-org/mgcubed-org.xml,GB-COH-07669775,70,GEMS Education Solutions,2014-05-29T01:12:13+00:00
Gender Links,ZA-CIPC-2001/005850/08,1.03,en,data/organisation.xml/gl-org/gl-org.xml,ZA-CIPC-2001/005850/08,23,GENDER LINKS,2013-12-03T06:42:47+00:00
GOAL,GB-CHC-1107403,2.02,en,data/organisation.xml/goal-org/goal-org.xml,GB-CHC-1107403,21,GOAL UK,2018-01-11T11:58:39+00:00
GPPAC Foundation,NL-KVK-41217404,2.02,en,data/organisation.xml/gppac-org/gppac-org.xml,NL-KVK-41217404,21,GPPAC,2016-04-27T08:23:24+00:00
Grow Movement,GB-CHC-1139083,1.03,en,data/organisation.xml/growmovement_admin-org/growmovement_admin-org.xml,GB-CHC-1139083,21,GROW Movement,2014-08-05T08:42:46+00:00
Guttmacher Institute,US-EIN-13-2890727,2.02,en,data/organisation.xml/guttmacher-org/guttmacher-org.xml,US-EIN-13-2890727,21,Guttmacher Institute,2017-12-28T17:24:12+00:00
Hagar International,GB-CHC-1143852,1.03,en,data/organisation.xml/hagar_uk-org/hagar_uk-org.xml,GB-CHC-1143852,21,hagar_uk,2014-08-22T09:27:55+00:00
Haiti Hospital Appeal,GB-CHC-1117528,1.03,en,data/organisation.xml/hha-org/hha-org.xml,GB-CHC-1117528,21,Haiti Hospital Appeal,2015-01-15T02:09:53+00:00
Hand in Hand International,GB-CHC-1113868,2.01,en,data/organisation.xml/handinhand-org/handinhand-org.xml,GB-CHC-1113868,21,Hand in Hand International,2015-09-25T02:34:11+00:00
Handicap International,FR-PDR-W691075333,1.03,en,data/organisation.xml/hifed-org/hifed-org.xml,FR-PDR-W691075333,21,Handicap International Federation,2014-04-03T12:16:18+00:00
Handicap International,FR-PDR-W691075333,1.03,en,data/organisation.xml/hiuk-org/hiuk-org.xml,FR-PDR-W691075333,21,Handicap International Federation,2014-04-03T12:16:18+00:00
Health Action International,NL-KVK-41207580,2.02,en,data/organisation.xml/hai-org/hai-org.xml,NL-KVK-41207580,22,Health Action International,2016-11-22T13:59:33+00:00
Health Partners International,GB-COH-03054929,2.02,en,data/organisation.xml/healthpartners-international-org/healthpartners-international-org.xml,GB-COH-03054929,70,Health Partners International,2017-07-05T10:15:06+00:00
HealthNet,NL-KVK-41211943,2.02,nl,data/organisation.xml/healthnet-org/healthnet-org.xml,NL-KVK-41211943,21,HealthNet TPO,2017-05-02T03:47:05+00:00
Heifer Netherlands,NL-KVK-20093733,2.02,en,data/organisation.xml/heifernederland-org/heifernederland-org.xml,NL-KVK-20093733,22,Heifer Netherlands,2016-12-30T13:15:27+00:00
Heifer Project South Africa,ZA-NPO-013484,1.03,en,data/organisation.xml/hsa-org/hsa-org.xml,ZA-NPO-013484,23,Heifer Project South Africa,2014-08-09T08:57:39+00:00
HelpAge International UK,GB-CHC-1128267-8,1.03,en,data/organisation.xml/ageintl-org/ageintl-org.xml,GB-CHC-1128267-8,22,HelpAge International UK,2015-03-31T02:25:41+00:00
HelpAge International,GB-COH-1762840,1.03,en,data/organisation.xml/helpage_international-org/helpage_international-org.xml,GB-COH-1762840,21,HelpAge International,2014-04-09T01:46:14+00:00
Hilfswerk Austria Zimbabwe,ZW-ROD-000740,1.03,en,data/organisation.xml/hwa-zm-org/hwa-zm-org.xml,AT-LPD-035026724,21,Hilfswerk Austria,2014-02-12T08:32:30+00:00
Hivos,NL-KVK-41198677,2.02,,data/organisation.xml/stichting_hivos-data003/iati202buza-orgfile.xml,NL-KVK-41198677,21,Hivos,2017-11-17T12:56:53Z
Homeless International,GB-CHC-1017255,1.02,en,data/organisation.xml/hi-org/hi-org.xml,GB-CHC-1017255,21,Homeless International,2013-04-10T01:12:31+00:00
Hope and Homes for Children,GB-CHC-1089490,2.01,en,data/organisation.xml/hhc-org/hhc-org.xml,GB-CHC-1089490,21,Hope and Homes for Children,2016-02-02T22:16:47+00:00
Hospice Africa Ltd,GB-CHC-1024903,1.03,en,data/organisation.xml/hauk-org/hauk-org.xml,GB-CHC-1024903,70,Hospice Africa Ltd,2015-04-01T01:23:45+00:00
HTSPE,GB-COH-06407873,1.03,en,data/organisation.xml/htspe-org/htspe-org.xml,GB-COH-06407873,70,HTSPE,2014-11-18T22:36:20+00:00
Human Relief Foundation,GB-CHC-1126281,2.02,en,data/organisation.xml/hrf-org/hrf-org.xml,GB-CHC-1126281,21,Human Relief Foundation,2017-10-31T11:08:10+00:00
Humana people to people,NL-KVK-30285304,1.03,en,data/organisation.xml/humana_houben-org/humana_houben-org.xml,NL-KVK-30285304,21,Humana people to people,2015-01-22T21:21:53+00:00
Humanitarian Aid Office of the European Commission,EU-4,1.01,en,data/organisation.xml/ec-echo-org/EU-4.xml,EU-4,40,Humanitarian Aid Office of the European Commission,2013-07-04T15:42:50Z
ICA:UK,GB-CHC-1090745,1.03,en,data/organisation.xml/icauk-org/icauk-org.xml,GB-CHC-1090745,22,ICA:UK,2014-11-30T22:12:46+00:00
ICCO Foundation,NL-KVK-56484038,2.02,en,data/organisation.xml/icco-cooperation-org/ICCO_Foundation_organisation.xml,NL-KVK-56484038,21,ICCO Foundation,
ICF Consulting Services Limited,GB-CH-4161656,2.02,en,data/organisation.xml/icf-org/icf-org.xml,GB-CH-4161656,70,ICF Consulting Services Ltd.,2017-01-16T16:44:19+00:00
IDEO.org,US-EIN-27-3755556,2.02,en,data/organisation.xml/ideo_org-org/ideo_org-org.xml,US-EIN-27-3755556,21,IDEO.org,2017-10-11T21:27:20+00:00
Indigo Trust,GB-CHC-1075920,2.01,en,data/organisation.xml/indtrust-org/organisationfile.xml,GB-CHC-1075920,60,Indigo Trust,2016-05-19T17:20:37Z
INPUD,GB-COH-08828458,2.02,en,data/organisation.xml/inpud_admin-org/inpud_admin-org.xml,GB-COH-08828458,21,INPUD International Network of People who Use Drugs,2017-04-13T14:21:24+00:00
Integrity Action,GB-COH-4884328,1.03,en,data/organisation.xml/integrity_action-org/integrity_action-org.xml,GB-COH-4884328,21,Integrity Action,2015-08-13T23:19:39+00:00
Integrity Research and Consultancy Ltd,GB-COH-07321996,2.02,en,data/organisation.xml/integrity-org/integrity-org.xml,GB-COH-07321996,70,Integrity Research and Consultancy Ltd,2018-01-09T17:43:27+00:00
Inter-American Development Bank,IADB,2.02,,data/organisation.xml/iadb-org/IATI_Organizations_Standard.xml,IADB,40,Inter-American Development Bank,2017-11-06T00:00:00
Inter-American Foundation,US-GOV-21,2.02,en,data/organisation.xml/unitedstates-iaf/IAF.xml,US-GOV-21,10,Inter-American Foundation,2017-11-05T10:00:00Z
Interburns,GB-CHC-1122299,1.03,en,data/organisation.xml/interburns-org/interburns-org.xml,GB-CHC-1122299,21,Interburns,2014-12-16T05:23:15+00:00
International Children's Trust,GB-CHC-254781,1.03,en,data/organisation.xml/theict-org/theict-org.xml,GB-CHC-254781,21,The International Children\'s Trust,2015-07-16T01:53:39+00:00
International Development Law Organization (IDLO),XM-DAC-47059,2.02,en,data/organisation.xml/idlo-org/idlo-org.xml,XM-DAC-47059,10,International Development Law Organization (IDLO),2017-10-05T14:34:25+00:00
International Development Research Centre,XM-DAC-301-2,2.01,en,data/organisation.xml/idrccrdi-org/idrc_iati-organisation_sep_2016.xml,XM-DAC-301-2,15,International Development Research Centre,2016-10-03T11:30:00
International Finance Corporation,XM-DAC-903,2.02,en,data/organisation.xml/ifcwbg-org/IFC-organization.xml,XM-DAC-903,40,International Finance Corporation,2016-12-19T09:15:37Z
International Fund for Agricultural Development,XM-DAC-41108,2.02,,data/organisation.xml/ifad-organisation/ifad_organization.xml,XM-DAC-41108,40,International Fund for Agricultural Development,2017-09-29T09:55:27Z
International HIV/AIDS Alliance,GB-CHC-1038860,2.02,en,data/organisation.xml/ihaa-org/ihaa-org.xml,GB-CHC-1038860,21,International HIV/AIDS Alliance,2017-11-27T14:59:26+00:00
International IDEA,XM-DAC-47058,2.02,en,data/organisation.xml/idea-org/idea-org.xml,XM-DAC-47058,40,International IDEA,2017-09-08T07:37:01+00:00
International Medical Corps UK,GB-CHC-1093861,2.01,en,data/organisation.xml/imc_uk-org/imc_uk-org.xml,GB-CHC-1093861,21,International Medical Corps UK,2015-10-07T21:53:28+00:00
International Planned Parenthood Federation,GB-CHC-21023,1.03,en,data/organisation.xml/ippf-org/ippf-org.xml,GB-CHC-21023,21,International Planned Parenthood Federation,2014-11-30T23:27:15+00:00
International Service,GB-CHC-1069182,2.02,en,data/organisation.xml/unais-org/unais-org.xml,GB-CHC-1069182,21,International Service,2017-10-11T08:18:32+00:00
International Union for Conservation of Nature,XM-DAC-30011,2.02,en,data/organisation.xml/iucn-org/iati-org,XM-DAC-30011,21,International Union for Conservation of Nature,2017-12-11T12:04:32Z
International Women's Development Agency,AU-ACNC-19242959685,2.02,en,data/organisation.xml/iwda-org/iwda-org.xml,AU-ACNC-19242959685,21,International Women's Development Agency,2016-06-06T08:34:34+00:00
Internews Europe,GB-CHC-1148404,2.02,en,data/organisation.xml/ieu-org/ieu-org.xml,GB-CHC-1148404,21,Internews Europe,2016-10-27T04:48:14+00:00
IntraHealth International,US-EIN-550825466,2.02,en,data/organisation.xml/intrahealth-org/iati-org,US-EIN-550825466,21,IntraHealth International,2017-10-18T17:36:30Z
IOD PARC (trading name of International Organisation Development Ltd),GB-COH-03613839,2.01,en,data/organisation.xml/iodparc-org/iodparc-org.xml,GB-COH-03613839,70,IOD PARC,2015-12-23T23:30:56+00:00
IPA,NL-KVK-32037590,2.02,en,data/organisation.xml/ipa-org/ipa-org.xml,NL-KVK-32037590,70,IPA,2016-06-28T08:40:50+00:00
iPartner India,GB-CHC-1114944,1.03,en,data/organisation.xml/ip-india-org/ip-india-org.xml,GB-CHC-1114944,21,iPartner India,2015-04-20T20:24:01+00:00
Ipas,US-EIN-56-1071085,2.02,en,data/organisation.xml/ipas-org/ipas-org.xml,US-EIN-56-1071085,21,Ipas,2018-01-02T19:43:38+00:00
IRC-UK,GB-CHC-1065972,2.02,en,data/organisation.xml/irc_uk-org/irc_uk-org.xml,GB-CHC-1065972,21,IRC-UK,2017-08-16T17:13:26+00:00
Ireland - Department of Foreign Affairs and Trade,XM-DAC-21-1,2.02,en,data/organisation.xml/irishaid-org/Organisational-File-2018.xml,XM-DAC-21-1,10,Ireland - Department of Foreign Affairs and Trade,2017-12-19T16:10:40+00:00
Islamic Relief Worldwide,GB-CHC-328158,2.02,en,data/organisation.xml/irw-org/irw-org.xml,GB-CHC-328158,21,Islamic Relief Worldwide,2017-09-11T09:53:34+00:00
Itad Limited,GB-COH-1869600,2.01,en,data/organisation.xml/itad-org/itad-org.xml,GB-COH-1869600,70,Itad Limited,2016-01-29T00:54:17+00:00
ITPC,XI-IATI-BWCO20151011,2.02,en,data/organisation.xml/itpc-org/itpc-org.xml,XI-IATI-BWCO20151011,21,International Treatment Preparedness Coalition (ITPC),2017-02-25T12:49:31+00:00
IUCN National Committee of The Netherlands,NL-KVK-41180885,2.02,en,data/organisation.xml/iucn_nl-2016q1org/20160430-Q1-iucn_admin-org.php,NL-KVK-41180885,22,IUCN NL,2016-04-29T16:06:38+00:00
IUCN National Committee of The Netherlands,NL-KVK-41180885,2.02,en,data/organisation.xml/iucn_nl-org/iucn_admin-org.xml,NL-KVK-41180885,22,IUCN NL,2016-07-25T16:51:47+00:00
Japan International Cooperation Agency (JICA),XM-DAC-701-8,2.02,ja,data/organisation.xml/jica-org/JICA-Organisation.xml,XM-DAC-701-8,10,Japan International Cooperation Agency (JICA),2016-10-18T01:54:55+00:00
Just Associates (JASS),US-EIN-06-1597-668,2.02,en,data/organisation.xml/jass-org/jass-org.xml,US-EIN-06-1597-668,21,Just Associates (JASS),2016-04-28T14:59:03+00:00
Kepa,FI-PRO-143138,1.03,en,data/organisation.xml/kepa-org/kepa-org.xml,FI-PRO-143138,22,Kepa ry,2014-09-24T23:32:03+00:00
KPMG LLP,GB-COH-OC301540,2.01,en,data/organisation.xml/kpmgllp-org/kpmgllp-org.xml,GB-COH-OC301540,70,KPMG LLP,2016-02-09T23:41:19+00:00
KwaAfrica,GB-CHC-1054369,2.02,en,data/organisation.xml/kwaafrica-org/kwaafrica-org.xml,GB-CHC-1054369,21,Kwaafrica,2016-11-08T13:39:18+00:00
LAMB Health Care Foundation,GB-CHC-1101217,2.01,en,data/organisation.xml/lhcf-org/lhcf-org.xml,GB-CHC-1101217,22,LAMB Health Care Foundation,2016-02-29T20:32:02+00:00
Learning for Life,GB-CHC-1105277,2.02,en,data/organisation.xml/learningforlife-org/learningforlife-org.xml,GB-CHC-1105277,21,Learning for Life,2017-08-03T14:45:05+00:00
Leonard Cheshire Disability,GB-CHC-218186,1.03,en,data/organisation.xml/lcd_admin-org/lcd_admin-org.xml,GB-CHC-218186,21,Leonard Cheshire Disability,2014-03-05T02:26:25+00:00
Lepra,GB-CHC-213251,2.02,en,data/organisation.xml/lepra-org/lepra-org.xml,GB-CHC-213251,21,Lepra,2016-10-06T16:19:08+00:00
Link Community Development International,GB-CHC-1048007,2.02,en,data/organisation.xml/lcdi_admin-org/lcdi_admin-org.xml,GB-CHC-1048007,21,Link Community Development International,2016-12-01T15:35:44+00:00
Lively Minds,GB-CHC-1125512,1.03,en,data/organisation.xml/livelyminds-org/livelyminds-org.xml,GB-CHC-1125512,21,Lively Minds,2014-05-07T12:15:09+00:00
Local and regional governments,XM-DAC-69-30,2.02,en,data/organisation.xml/slovakaid-69_1/iati-organization-standard-sk.xml,,,,2017-03-09T13:48:12
MAG,GB-CHC-1083008,1.03,en,data/organisation.xml/mag-org/mag-org.xml,GB-CHC-1083008,21,MAG,2015-04-17T01:37:50+00:00
Mainline M&E,NL-KVK-41209946,2.02,en,data/organisation.xml/mainline-org/Mainline-org.xml,NL-KVK-41209946,21,Mainline Foundation,2017-11-10T11:04:01+00:00
Malaria Consortium,GB-CHC-1099776,1.03,en,data/organisation.xml/malariaconsortium-org/malariaconsortium-org.xml,GB-CHC-1099776,21,Malaria Consortium,2014-09-25T04:51:42+00:00
Mama Cash,NL-KVK-41202535,2.02,en,data/organisation.xml/mamac-org/mamac-org.xml,NL-KVK-41202535,60,Mama Cash,2016-04-22T16:59:34+00:00
MAMTA HALTH INSTITUTE FOR MOTHER AND CHILD,mam_in,1.03,en,data/organisation.xml/mamta_himc-org/mamta_himc-org.xml,mam_in,22,MAMTA HEALTH INSTITUTE FOR MOTHER and CHILD,2015-09-09T19:34:46+00:00
MannionDaniels,GB-COH-04105827,2.02,en,data/organisation.xml/manniondaniels-org/manniondaniels-org.xml,GB-COH-04105827,70,Mannion Daniels Ltd,2017-12-04T14:51:47+00:00
Marie Stopes International,GB-COH-1102208,1.02,en,data/organisation.xml/msi-org/msi-org.xml,GB-COH-1102208,21,Marie Stopes International,2013-08-01T02:57:34+00:00
market and employment for peace and stability,XI-IATI-CHE105834763,2.02,en,data/organisation.xml/hsi-org/hsi-org.xml,XI-IATI-CHE105834763,21,HELVETAS Swiss Intercooperation,2017-10-04T10:17:08+00:00
Mary's Meals,GB-SC-SCO45223,2.02,en,data/organisation.xml/marysmeals-org/marysmeals-org.xml,GB-SC-SCO45223,21,Mary's Meals,2016-10-26T09:43:09+00:00
Maxwell Stamp PLC,GB-COH-00637978,2.01,en,data/organisation.xml/mstamp-org/mstamp-org.xml,GB-COH-00637978,70,Maxwell Stamp PLC,2015-12-21T22:50:10+00:00
Meningitis Research Foundation,GB-CHC-1091105,2.02,en,data/organisation.xml/mrf-org/mrf-org.xml,GB-CHC-1091105,21,Meningitis Research Foundation,2017-05-18T12:36:49+00:00
Mensen met een Missie,NL-KVK-41149831,2.02,en,data/organisation.xml/mm1-org/mm1-org.xml,NL-KVK-41149831,60,Mensen met een Missie,2016-11-28T13:49:01+00:00
Mercy Corps Europe,GB-SC-SC030289,2.02,en,data/organisation.xml/mce-org/mce-org.xml,GB-SC-SC030289,21,MERCY CORPS EUROPE,2017-05-25T10:59:59+00:00
MICAIA,GB-CHC-1120413,1.03,en,data/organisation.xml/mic-uk-org/mic-uk-org.xml,GB-CHC-1120413,21,MICAIA,2014-11-30T22:20:36+00:00
Micro Insurance Academy,IN-ITA-1886,1.03,en,data/organisation.xml/mia_india-org/mia_india-org.xml,IN-ITA-1886,22,Micro Insurance Academy,2014-06-24T09:42:52+00:00
MicroLoan Foundation,GB-CHC-1104287,1.03,en,data/organisation.xml/mlf-org/mlf-org.xml,GB-CHC-1104287,21,MicroLoan Foundation,2014-08-05T10:34:57+00:00
Mifumi UK,GB-CHC-1038785,2.02,en,data/organisation.xml/mifumi_uk-org/mifumi_uk-org.xml,GB-CHC-1038785,21,Mifumi UK,2017-08-17T11:08:36+00:00
Milieudefensie,NL-KvK-40530467,2.01,en,data/organisation.xml/foenl-org/foenl-org.xml,NL-KvK-40530467,22,Milieudefensie,2016-01-05T02:55:59+00:00
Millennium Challenge Corporation,US-18,2.01,en,data/organisation.xml/unitedstates-mcc/MCC.xml,US-18,10,Millennium Challenge Corporation,2014-12-31T00:00:00-04:00
Ministry for Foreign Affairs of Finland,FI-3,1.03,en,data/organisation.xml/finland_mfa-000/MFA_org_file.xml,FI-3,10,Ministry for Foreign Affairs of Finland,2017-02-27T06:00:00
Ministry of Defence,GB-GOV-8,2.02,en,data/organisation.xml/ukmod-org/ukmod-org.xml,GB-GOV-8,10,Ministry of Defence,2017-02-10T07:19:43+00:00
Ministry of Finance,XM-DAC-69-3,2.02,en,data/organisation.xml/slovakaid-69_1/iati-organization-standard-sk.xml,,,,2017-03-09T13:48:12
Ministry of Foreign Affairs (DGIS),XM-DAC-7,2.01,en,data/organisation.xml/minbuza_nl-organisation/IATI_ORGANISATION.xml,XM-DAC-7,10,Ministry of Foreign Affairs (DGIS),2017-12-28T09:10:38
Ministry of Foreign and European Affairs,XM-DAC-69-1,2.02,en,data/organisation.xml/slovakaid-69_1/iati-organization-standard-sk.xml,,,,2017-03-09T13:48:12
Ministère de l'Economie et des Finances du Benin,XM-DAC-236,2.02,fr,data/organisation.xml/mefbenin-org/iati-org,XM-DAC-236,10,Ministère de l'Economie et des Finances du Benin,2017-04-04T14:05:12Z
Ministère des Affaires étrangères et du Développement international,FR-SIREN-110-006-012,1.03,fr,data/organisation.xml/france-org/france-org.xml,FR-SIREN-110-006-012,10,MFA,2014-07-01T12:21:42+00:00
Miscellaneous,XM-DAC-69-99,2.02,en,data/organisation.xml/slovakaid-69_1/iati-organization-standard-sk.xml,,,,2017-03-09T13:48:12
Mondiaal FNV,NL-KvK-41177601,2.02,en,data/organisation.xml/mondiaalfnv-org/mondiaal-org.xml,NL-KvK-41177601,22,Mondiaal FNV,2016-05-20T13:51:36+00:00
mothers2mothers South Africa,ZA-NPO-025-359,1.03,en,data/organisation.xml/m2m_sa-org/m2m_sa-org.xml,ZA-NPO-025-359,21,mothers2mothers South Africa,2015-02-02T00:34:08+00:00
Motivation Charitable Trust,GB-CHC-1079358,2.02,en,data/organisation.xml/motivation-org/motivation-org.xml,GB-CHC-1079358,21,Motivation,2016-10-06T12:22:25+00:00
Mulanje Mission Hospital,MW-MRA-20125995,2.02,en,data/organisation.xml/mmh-org/mmh-org.xml,MW-MRA-20125995,22,Mulanje Mission Hospital,2017-08-01T12:05:01+00:00
Muslim Aid,GB-CHC-295224,1.03,en,data/organisation.xml/muslimaid-org/muslimaid-org.xml,GB-CHC-295224,21,Muslim Aid,2015-02-03T23:42:04+00:00
Natural Resource Governance Institute,US-EIN-20-4451390,1.03,en,data/organisation.xml/nrgi-org/nrgi-org.xml,US-EIN-20-4451390,21,Natural Resource Governance Institute,2015-04-16T23:30:41+00:00
Near East Foundation,US-EIN-13-1624114,2.02,en,data/organisation.xml/nef_usa-org/iati-org,US-EIN-13-1624114,22,Near East Foundation,2017-06-07T17:06:06Z
Netherlands Institute for Multiparty Democracy (NIMD),NL-KVK-27189542,2.02,en,data/organisation.xml/nimd-hq-org/NL-KVK-27189542-org.xml,NL-KVK-27189542,21,Netherlands Institute for Multiparty Democracy,2016-04-15T14:54:43+00:00
Network for Africa,GB-CHC-1120932,1.03,en,data/organisation.xml/network4africa-org/network4africa-org.xml,GB-CHC-1120932,21,Network for Africa,2015-02-04T04:39:08+00:00
Norad - Norwegian Agency for Development Cooperation,NO-BRC-971277882,2.01,en,data/organisation.xml/norad-org/norway_organisation_file_des_2017.xml,NO-BRC-971277882,10,Norad - Norwegian Agency for Development Cooperation,2017-12-05T14:53:01.157
Norad - Norwegian Agency for Development Cooperation,NO-BRC-971277882,2.01,en,data/organisation.xml/norad-org/norway_organisation_file_feb_2016.xml,NO-BRC-971277882,10,Norad - Norwegian Agency for Development Cooperation,2016-02-09T15:50:30
Norwegian People's Aid,NO-BRC-871033552,2.02,en,data/organisation.xml/npa-org/npa-org.xml,NO-BRC-871033552,21,Norwegian People's Aid,2017-10-31T09:41:32+00:00
Norwegian Refugee Council,977538319,2.02,en,data/organisation.xml/nrc-org/nrc-org.xml,977538319,21,Norwegian Refugee Council,2016-05-24T14:19:56+00:00
NRI,GB-COH-00986729,2.01,en,data/organisation.xml/nri-org/nri-org.xml,GB-COH-00986729,80,"Natural Resources Institute, University of Greenwich",2016-05-06T10:23:38+00:00
NSWP,GB-COH-SC349355,2.02,en,data/organisation.xml/nswp-org/nswp-org.xml,GB-COH-SC349355,21,Global Network of Sex Work Projects,2017-02-03T04:25:26+00:00
OMIDYAR NETWORK FUND INC,US-EIN-20-1173866,2.02,en,data/organisation.xml/omidyarnetwork-organization/ON-org.xml,US-EIN-20-1173866,60,OMIDYAR NETWORK FUND INC,2016-12-12T09:30:30
One Acre Fund,US-DOS-64562614,2.02,en,data/organisation.xml/oneacrefund-org/oneacrefund-org.xml,US-DOS-64562614,21,One Acre Fund,2016-11-15T20:45:15+00:00
One to One Children's Fund,GB-CHC-1086159,1.03,en,data/organisation.xml/onetoonecf-org/onetoonecf-org.xml,GB-CHC-1086159,21,One to One Children's Fund,2014-07-11T02:41:42+00:00
openmindedly,IM-CR-024714B,2.01,en,data/organisation.xml/openmindedly-org/IM-CR-024714B.xml,IM-CR-024714B,70,openmindedly,2016-12-14T08:00:00Z
Options Consultancy Services,GB-COH-2695347,2.01,en,data/organisation.xml/options-org/options-org.xml,GB-COH-2695347,70,Options Consultancy Services,2015-12-02T03:34:16+00:00
Orbis Charitable Trust,GB-CHC-1061352,2.02,en,data/organisation.xml/orbis_uk-org/orbis_uk-org.xml,GB-CHC-1061352,21,Orbis Charitable Trust,2017-09-12T09:27:16+00:00
Other ministries,XM-DAC-69-18,2.02,en,data/organisation.xml/slovakaid-69_1/iati-organization-standard-sk.xml,,,,2017-03-09T13:48:12
Overseas Private Investment Corporation,US-GOV-22,2.02,en,data/organisation.xml/unitedstates-opic/OPIC.xml,US-GOV-22,10,Overseas Private Investment Corporation,2017-11-05T10:00:00Z
Oxfam America,US-EIN-23-7069110,2.02,en,data/organisation.xml/oxfamus-org/oxfamus-org.xml,US-EIN-23-7069110,21,Oxfam America,2017-11-13T14:40:10+00:00
Oxfam GB,GB-CHC-202918,2.02,en,data/organisation.xml/oxfamgb-orgfile/oxfamgb-orgfile.xml,GB-CHC-202918,21,Oxfam GB,2017-10-31T09:57:36
Oxfam IBIS,DK-CVR-88136411,2.02,en,data/organisation.xml/ibis_denmark-org/ibis_denmark-org.xml,DK-CVR-88136411,21,Oxfam IBIS,2016-04-28T11:35:08+00:00
Oxfam India,,1.02,en,data/organisation.xml/oxfamindia-org/oxfamindia-org.xml,oxfam_india,22,Oxfam India,2013-09-24T08:56:03+00:00
Oxfam Novib,NL-KVK-27108436,2.02,en,data/organisation.xml/onl-org/IATI_NL-KVK-27108436.xml,NL-KVK-27108436,21,Oxfam Novib,2017-10-24T07:15:37Z
Pact Inc.,US-EIN-13-2702768,1.0,en,data/organisation.xml/pact-organization1116/IATIOrganization.xml,US-EIN-13-2702768,21,Pact,2018-01-05T14:17:12Z
Palladium,GB-COH-02394229,2.01,en,data/organisation.xml/palladium-org/palladium-org.xml,GB-COH-02394229,70,Palladium,2016-06-23T14:41:51+00:00
Palliative Care Support Trust,MW-RG-2977,2.02,en,data/organisation.xml/pcst-org/pcst-org.xml,MW-RG-2977,22,Palliative Care Support Trust,2017-08-07T07:24:18+00:00
Partos,NL-KVK-34214586,1.03,nl,data/organisation.xml/partos_nl-org/partos_nl-org.xml,NL-KVK-34214586,22,Partos,2014-09-24T09:44:37+00:00
PAX,NL-KVK-30214009,2.02,en,data/organisation.xml/pax-02/1-IATIactivityorganisation_PAX.xml,EIGEN,21,PAX,2017-12-18T11:00:00Z
Peace Corps,US-GOV-10,2.02,en,data/organisation.xml/unitedstates-org_peacecorps/Peace Corps.xml,US-GOV-10,10,Peace Corps,2017-11-05T10:00:00Z
PEAS,GB-CHC-1126550,1.03,en,data/organisation.xml/peas-org/peas-org.xml,GB-CHC-1126550,21,PEAS,2014-07-11T02:41:44+00:00
People in Need,CZ-ICO-25755277,2.02,en,data/organisation.xml/pin-org/pin-org.xml,CZ-ICO-25755277,21,People in Need,2017-06-28T12:40:48+00:00
PHASE Nepal,NP-DAO-531/062/063,1.03,en,data/organisation.xml/phase-nepal-org/phase-nepal-org.xml,NP-DAO-531/062/063,22,PHASE Nepal,2015-01-15T05:59:02+00:00
PHASE Worldwide,GB-CHC-1112734,1.03,en,data/organisation.xml/phase_worldwide-org/phase_worldwide-org.xml,GB-CHC-1112734,21,PHASE Worldwide,2014-07-11T02:40:55+00:00
Plan International UK,GB-COH-1364201,2.02,en,data/organisation.xml/plan_uk-organisationfile/plan_uk-org.xml,GB-COH-1364201,21,Plan International UK,2016-12-21T10:59:17+00:00
Plan Ireland Charitable Assistance Limited,IE-CHY-15037,1.03,en,data/organisation.xml/plan_ireland-org/plan_ireland-org.xml,IE-CHY-15037,21,Plan Ireland Charitable Assistance Limited,2014-03-05T02:29:57+00:00
Plan Nederland,NL-KvK-41198890,2.02,en,data/organisation.xml/plannlno-org/plannlno-org.xml,NL-KvK-41198890,21,Plan Nederland,2016-04-29T14:36:28+00:00
Pontis Foundation,SK-ZRSR-31784828,1.03,en,data/organisation.xml/pontis-org/pontis-org.xml,SK-ZRSR-31784828,60,Pontis Foundation,2014-12-12T21:52:33+00:00
Population Services International,XI-IATI-21032,2.02,en,data/organisation.xml/psi-org/psi-org.xml,XI-IATI-21032,21,Population Services International,2017-05-09T13:57:39+00:00
Power International,GB-CHC-1059996,1.03,en,data/organisation.xml/power-org/power-org.xml,GB-CHC-1059996,21,Power International,2014-11-30T22:37:18+00:00
Pragya,IN-AR-775,2.01,en,data/organisation.xml/pragya-org/pragya-org.xml,IN-AR-775,22,Pragya,2015-09-28T01:03:32+00:00
PricewaterhouseCoopers Private Limited,IN-MCA-U74140WB1983PTC036093,2.02,en,data/organisation.xml/pwcplindia-org/pwcplindia-org.xml,IN-MCA-U74140WB1983PTC036093,70,PricewaterhouseCoopers Private Limited,2018-01-04T07:11:56+00:00
Private Infrastructure Development Group,XM-DAC-47086,2.01,en,data/organisation.xml/pidg-org/pidg-org.xml,XM-DAC-47086,40,Private Infrastructure Development Group,2016-03-16T23:36:42+00:00
Progressio,GB-CHC-294329,2.02,en,data/organisation.xml/progressio-org/progressio-org.xml,GB-CHC-294329,21,Progressio,2016-07-01T12:02:52+00:00
Project Harar,GB-CHC-1094272,1.03,en,data/organisation.xml/phe-org/phe-org.xml,GB-CHC-1094272,21,Project Harar,2014-09-12T01:37:37+00:00
Promundo-US,US-EIN-26-1931968,2.02,en,data/organisation.xml/pmo-us-org/pmo-us-org.xml,US-EIN-26-1931968,21,"Promundo is a global leader in promoting gender justice and preventing violence by engaging men and boys in partnership with women and girls. We believe that working with men and boys to transform harmful gender norms and unequal power dynamics is a critical part of the solution to achieve gender equality. For the empowerment of women and girls to continue advancing, men and boys must see themselves as allies in the process. Men and boys also benefit when harmful norms are challenged. Our research, programs, and advocacy efforts show that promoting healthy masculinity (or positive notions of “what it means to be a man”) and femininity (or “what is means to be a woman”) leads to improvements in men’s own lives, and in the lives of women and girls.",2016-08-12T05:13:22+00:00
PROTECTING FAMILIES AGAINST HIV/AIDS (PREFA),UG-RSB-63360,2.02,en,data/organisation.xml/prefa_1-org/prefa_1-org.xml,UG-RSB-63360,22,PROTECTING FAMILIES AGAINST HIV/AIDS (PREFA),2016-05-20T07:04:32+00:00
Publish What You Fund,GB-COH-07676886,2.01,,data/organisation.xml/pwyf-org/organisation.xml,GB-COH-07676886,21,Publish What You Fund,2016-04-21T16:44:28
PUM Netherlands,NL-KVK-41160229,2.02,en,data/organisation.xml/pumnl-org/pumnl-org.xml,NL-KVK-41160229,21,PUM Netherlands,2017-06-27T08:28:03+00:00
Pump Aid,GB-CHC-1077889,1.03,en,data/organisation.xml/pumpaid-org/pumpaid-org.xml,GB-CHC-1077889,21,Pump Aid,2014-07-11T02:40:36+00:00
Rahnuma-Family Planning Assocation of Pakistan,PK-MSW-633-1965,1.03,en,data/organisation.xml/rfpap-org/rfpap-org.xml,PK-MSW-633-1965,22,Rahnuma-Family Planning Assocation of Pakistan,2015-07-05T19:48:17+00:00
Railway Children,GB-CHC-1058991,1.02,en,data/organisation.xml/rc-org/rc-org.xml,GB-CHC-1058991,21,Railway Children,2013-03-26T02:48:45+00:00
Rainforest Foundation UK,,1.02,en,data/organisation.xml/rfuk-org/rfuk-org.xml,GB-CHC-1138287,21,Rainforest Foundation UK,2013-09-23T02:26:04+00:00
Relief International UK,GB-CHC-1098106,1.03,en,data/organisation.xml/ri-uk-org/ri-uk-org.xml,GB-CHC-1098106,21,Relief International UK,2015-05-20T22:33:16+00:00
Restless Development,GB-CHC-1127488,1.03,en,data/organisation.xml/restless-org/restless-org.xml,GB-CHC-1127488,21,Restless Development,2013-12-31T04:25:42+00:00
Retrak,GB-CHC-1122799,1.03,en,data/organisation.xml/retrak-org/retrak-org.xml,GB-CHC-1122799,21,Retrak,2014-07-11T02:49:21+00:00
RNW Media,NL-KVK-32022621,2.02,en,data/organisation.xml/rnw_org-organisation/iati-organisation.xml,NL-KVK-32022621,21,RNW Media,2017-04-19T13:30:00Z
Rojiroti UK,GB-CHC-1147083,1.03,en,data/organisation.xml/rojiroti-org/rojiroti-org.xml,GB-CHC-1147083,21,Rojiroti UK,2015-04-02T05:14:38+00:00
Royal Tropical Institute,NL-KVK-33185213,2.02,en,data/organisation.xml/kit-org/kit-org.xml,NL-KVK-33185213,21,Royal Tropical Institute,2017-11-06T13:01:43+00:00
Rutgers,NL-KVK-41193594,2.02,en,data/organisation.xml/rutgers-org/rutgers-org.xml,NL-KVK-41193594,21,Rutgers,2016-05-23T09:13:52+00:00
Saferworld,GB-CHC-1043843,2.02,en,data/organisation.xml/saferworld-org/saferworld-org.xml,GB-CHC-1043843,21,Saferworld,2017-07-26T12:59:34+00:00
Samaritan's Purse UK,GB-CHC-1001349,1.03,en,data/organisation.xml/spuk-org/spuk-org.xml,GB-CHC-1001349,21,Samaritan's Purse UK,2014-02-26T01:56:16+00:00
Save the Children International,GB-CHC-1076822,2.02,en,data/organisation.xml/sci-org/organisation.xml,GB-CHC-1076822,21,Save the Children International,2017-12-13T13:00:00
Save the Children UK,GB-COH-213890,2.02,en,data/organisation.xml/scuk-organisation/organisation.xml,GB-COH-213890,21,Save the Children UK,2016-09-23T12:00:00
SCIAF,GB-SC-SC012302,1.03,en,data/organisation.xml/sciaf-org/sciaf-org.xml,GB-SC-SC012302,22,Scottish Catholic International Aid Fund,2014-11-30T22:41:18+00:00
Secours Catholique,FR-SIRET-77566669600015,2.02,fr,data/organisation.xml/sccf-org/sccf-org.xml,FR-SIRET-77566669600015,21,Secours Catholique,
Self Help Arica,IE-CHY-6663,2.01,en,data/organisation.xml/self-help-africa-org/sha_iati_org.xml,IE-CHY-6663,21,Self Help Africa,2013-09-16T12:36:11+00:00
Send a Cow,GB-CHC-299717,1.02,en,data/organisation.xml/sendacow-org/sendacow-org.xml,GB-CHC-299717,21,Send a Cow,2013-07-24T02:05:52+00:00
ShelterBox,GB-CHC-1096479,1.03,en,data/organisation.xml/shelterbox-org/shelterbox-org.xml,GB-CHC-1096479,21,ShelterBox,2015-02-06T01:08:36+00:00
SHO - Giro555,NL-KVK-27302841,2.02,en,data/organisation.xml/giro555-org/giro555-org.xml,NL-KVK-27302841,22,Stichting SHO - Giro555,2017-06-12T12:45:44+00:00
Sightsavers,GB-CHC-207544,1.03,en,data/organisation.xml/ss-org-organisation/org_SightsaversorgdataQ22015.xml,GB-CHC-207544,21,Sightsavers,2015-07-22T08:58:42
Sightsavers,GB-CHC-207544,2.02,en,data/organisation.xml/ss-org-org/sightsavers-org.xml,GB-CHC-207544,21,Sightsavers,2017-02-28T10:50:22+00:00
Sightsavers,GB-CHC-207544,2.02,en,data/organisation.xml/ss-org-org/ss-org-org.xml,GB-CHC-207544,21,Sightsavers,2018-01-11T10:26:42+00:00
Sightsavers,GB-CHC-207544,2.02,en,data/organisation.xml/ss-org-organisation/SightsaversorgfileQ12016-2.xml,GB-CHC-207544,21,Sightsavers,2016-05-20T10:45:19+00:00
Signal,GB-CHC-1151615,1.03,en,data/organisation.xml/signal-org/signal-org.xml,GB-CHC-1151615,21,Signal,2015-04-17T01:33:25+00:00
SIMLab Community Interest Company,GB-COH-7557881,1.03,en,data/organisation.xml/simlab-org/simlab-org.xml,GB-COH-7557881,70,SIMLab Community Interest Company,2014-03-31T02:55:00+00:00
Slovak agency for Internal Development Cooperation,XM-DAC-69-2,2.02,en,data/organisation.xml/slovakaid-69_1/iati-organization-standard-sk.xml,,,,2017-03-09T13:48:12
SNV Netherlands Development Organisation,NL-KVK-41152786,2.02,en,data/organisation.xml/snv-org/iati-org,NL-KVK-41152786,21,SNV Netherlands Development Organisation,2017-01-19T09:18:39Z
Social Watch Benin,BJ-IFU-6201101048400,2.02,fr,data/organisation.xml/swb_1-org/iati-org,BJ-IFU-6201101048400,22,Social Watch Benin,2017-10-20T14:12:59Z
Société Nationale des Eaux du Benin,BJ-IFU-32000700033415,2.02,fr,data/organisation.xml/soneb-benin-org/iati-org,BJ-IFU-32000700033415,15,Société Nationale des Eaux du Benin,2017-04-27T18:30:38Z
Solidaridad Europe,NL-KVK-41150939,2.02,en,data/organisation.xml/solidaridad-europe-org/Solidaridad-Europe-org.xml,NL-KVK-41150939,21,Solidaridad Europe,2017-10-29T10:25:17+00:00
Solidaridad,NL-KVK-51756811,2.02,en,data/organisation.xml/solidaridad-org/solidaridad-org.xml,NL-KVK-51756811,21,Solidaridad,2016-07-28T18:25:17+00:00
SOMO,NL-KVK-41223308,2.01,en,data/organisation.xml/somo-org/IATI_NL-KVK-41223308-organisation.xml,NL-KVK-41223308,22,SOMO,2017-05-31T07:15:37Z
Sonke Gender Justice,ZA-PBO-064-502,2.02,en,data/organisation.xml/sjg-org/sjg-org.xml,ZA-PBO-064-502,21,Sonke Gender Justice,2017-01-27T13:32:40+00:00
Stars Foundation,GB-CHC-1087997,1.03,en,data/organisation.xml/starsfoundation-org/starsfoundation-org.xml,GB-CHC-1087997,60,Stars Foundation,2014-02-05T04:07:20+00:00
Stichting ActionAid The Netherlands,NL-KVK-41217595,2.02,en,data/organisation.xml/aanl-org/aanl-org.xml,NL-KVK-41217595,21,Stichting ActionAid,2016-07-15T08:27:24+00:00
Stichting Kinderpostzegels Nederland,NL-KVK-41167934,2.02,en,data/organisation.xml/skn-org/skn-org.xml,NL-KVK-41167934,21,Stichting Kinderpostzegels Nederland,2017-03-21T08:07:20+00:00
Stichting Mayday Rescue Foundation,NL-KVK-855689493,2.02,en,data/organisation.xml/maydayrescue-org/perthiessen-org.xml,NL-KVK-855689493,60,Stichting Mayday Rescue Foundation,2017-01-04T09:04:34+00:00
Stichting Red een Kind - Help a Child,NL-KVK-41022454,1.03,en,data/organisation.xml/redeenkind-org/redeenkind-org.xml,NL-KVK-41022454,21,Red een Kind,2015-03-10T23:21:40+00:00
Stichting United Work,NL-KVK-67143555,2.02,en,data/organisation.xml/united_work-org/united_work-org.xml,NL-KVK-67143555,22,Stichting United Work,2017-07-30T13:06:35+00:00
Stichting Vluchteling,NL-KVK-41149486,2.02,nl,data/organisation.xml/st_vluchteling-org/st_vluchteling-org.xml,NL-KVK-41149486,21,Stichting Vluchteling,2016-08-08T11:04:11+00:00
Stichting Woord en Daad,NL-KVK-41118168,2.02,nl,data/organisation.xml/w-d-org/w-d-org.xml,NL-KVK-41118168,22,Woord en Daad,2016-04-19T08:12:30+00:00
Street Child,GB-CHC-1128536,1.03,en,data/organisation.xml/street_child-org/street_child-org.xml,GB-CHC-1128536,21,Street Child,2014-01-15T03:16:43+00:00
StreetInvest,GB-CHC-1127206,1.03,en,data/organisation.xml/si-org/si-org.xml,GB-CHC-1127206,21,StreetInvest,2014-11-30T22:43:58+00:00
Swiss Agency for Development and Cooperation (SDC),XM-DAC-CH-4,2.02,en,data/organisation.xml/sdc_ch-org_170314/170314-IATI-XML-Organisation-file-SDC.xml,XM-DAC-CH-4,10,Swiss Agency for Development and Cooperation SDC,2017-03-14T09:48:27+00:00
Swiss Agency for Development and Cooperation (SDC),XM-DAC-CH-4,2.02,en,data/organisation.xml/sdc_ch-org_171129/171129-IATI-XML-Organisation-file-SDC.xml,XM-DAC-CH-4,10,Swiss Agency for Development and Cooperation SDC,2017-11-29T15:17:59+00:00
TB Alert,GB-CHC-1071886,2.02,en,data/organisation.xml/tbalert-org/tbalert-org.xml,GB-CHC-1071886,21,TB Alert,2016-09-20T16:10:53+00:00
Teach A Man To Fish,GB-CHC-1112699,1.03,en,data/organisation.xml/tamtf-org/tamtf-org.xml,GB-CHC-1112699,21,Teach A Man To Fish,2014-08-18T11:30:11+00:00
Tear Netherlands,NL-KVK-41177385,2.01,en,data/organisation.xml/tear-org/tear-org.xml,NL-KVK-41177385,22,Tear,2016-08-17T14:19:19+00:00
Tearfund,GB-CHC-265464,1.03,en,data/organisation.xml/tearfund-org/tearfund-org.xml,GB-CHC-265464,21,tearfund,2015-03-17T04:42:02+00:00
The Asia Foundation,US-AGO-941191246,2.01,en,data/organisation.xml/taf-org/taf-org.xml,US-AGO-941191246,21,The Asia Foundation,2015-10-14T03:57:29+00:00
The Commonwealth Secretariat,XI-IATI-CWSEC,2.02,en,data/organisation.xml/commonwealthsecretariat-xi_iati_cwsec_org/CommonwealthSecretariat_OrganisationStandard.xml,XI-IATI-CWSEC,40,The Commonwealth Secretariat,2017-11-14T20:55:12Z
THE CONVENTION ON BUSINESS INTEGRITY LTD (GTE),NG-CAC-RC481360,2.02,en,data/organisation.xml/cbi-nigeria-org/cbi-nigeria-org.xml,NG-CAC-RC481360,22,The Convention on Business Integrity,2016-11-15T11:52:28+00:00
The Freedom Fund,GB-COH-1158838,2.01,en,data/organisation.xml/thefreedomfund-org/thefreedomfund-org.xml,GB-COH-1158838,21,The Freedom Fund,2016-03-24T01:39:55+00:00
The Global Alliance for Vaccination and Immunisation,47122,2.02,en,data/organisation.xml/gavi-organisation/GAVI_Organization.xml,47122,40,The Global Alliance for Vaccination and Immunisation,2017-10-18T00:00:00
The Global Network of People Living with HIV (GNP+),NL-KVK-41214768,2.02,en,data/organisation.xml/gnpplus-org/gnpplus-org.xml,NL-KVK-41214768,21,Global Network of People Living with HIV (GNP+),2017-01-27T12:38:42+00:00
The HALO Trust,GB-CHC-1001813,2.02,en,data/organisation.xml/halo-org/halo-org.xml,GB-CHC-1001813,21,The HALO Trust,2017-02-27T17:55:00+00:00
The Joint United Nations Programme on HIV and AIDS (UNAIDS) Secretariat,XM-DAC-41110,2.02,en,data/organisation.xml/unaids-org/unaids-org.xml,XM-DAC-41110,40,The Joint United Nations Programme on HIV and AIDS (UNAIDS) Secretariat,2016-12-20T13:07:53+00:00
The Leprosy Mission England and Wales,GB-CHC-1050327,1.02,en,data/organisation.xml/tlmew-org/tlmew-org.xml,GB-CHC-1050327,21,The Leprosy Mission England and Wales,2013-10-16T02:02:47+00:00
The Open University,GB-CHC-000391,1.03,en,data/organisation.xml/open_university-org/open_university-org.xml,GB-CHC-000391,80,The Open University,2015-01-21T01:27:08+00:00
The Queen Elizabeth Diamond Jubilee Trust,GB-CHC-1145640,2.02,en,data/organisation.xml/qedjt-org/qedjt-org.xml,GB-CHC-1145640,60,The Queen Elizabeth Diamond Jubilee Trust,2016-12-09T14:32:47+00:00
The Sabre Charitable Trust,GB-CHC-1105489,1.03,en,data/organisation.xml/sct-org/sct-org.xml,GB-CHC-1105489,21,The Sabre Charitable Trust,2015-04-22T00:28:45+00:00
The William and Flora Hewlett Foundation,US-EIN-941655673,2.01,en,data/organisation.xml/hewlett-foundation-org/IATIOrg.xml,US-EIN-941655673,60,The William and Flora Hewlett Foundation,2017-12-31T00:15:00.8127018-08:00
Theatre for a Change Malawi,MW-NBM-00139,1.03,en,data/organisation.xml/tfacmalawi-org/tfacmalawi-org.xml,MW-NBM-00139,22,Theatre for a Change Malawi,2014-06-17T01:33:11+00:00
Theatre for a Change UK,GB-CHC-1104458,1.03,en,data/organisation.xml/tfac-org/tfac-org.xml,GB-CHC-1104458,21,Theatre for a Change UK,2014-02-20T02:44:15+00:00
Traidcraft Exchange,GB-COH-3031674,2.02,en,data/organisation.xml/traidcraft-org/traidcraft-org.xml,GB-COH-3031674,21,Traidcraft Exchange,2017-12-08T15:24:51+00:00
Transnational Institute,NL-KVK-41201806,2.02,en,data/organisation.xml/tni-org/tni-org.xml,NL-KVK-41201806,21,Transnational Institute,2016-04-28T07:45:13+00:00
Transparency International Bangladesh,1301,2.01,en,data/organisation.xml/tib-org/doc_iati_tib_organisation_15_en.xml,1301,22,Transparency International Bangladesh,2015-01-15T10:10:10.00
Transparency International,21033,2.01,en,data/organisation.xml/transparency-international-org/IATI_TIS_Organisation.xml,21033,21,Transparency International,2015-01-15T10:10:10.00
TREE AID,GB-CHC-1135156,1.03,en,data/organisation.xml/treea-org/treea-org.xml,GB-CHC-1135156,21,TREE AID,2014-05-29T11:20:31+00:00
Trianglen,DK-CVR-33985339,2.02,da,data/organisation.xml/trianglen-org/trianglen-org.xml,DK-CVR-33985339,22,Trianglen,2017-04-28T18:25:43+00:00
Trocaire (Northern Ireland),GB-COH-NI21482,1.03,en,data/organisation.xml/troc-org/troc-org.xml,GB-COH-NI21482,21,Trocaire (Northern Ireland),2014-06-25T02:32:49+00:00
Tropenbos International (TBI),NL-KVK-41155305,2.02,en,data/organisation.xml/tbi-org/tbi-org.xml,NL-KVK-41155305,22,Tropenbos International,2017-05-03T11:37:15+00:00
Twaweza,TZ-BRE-63966,2.02,en,data/organisation.xml/twaweza-org/twaweza-org.xml,TZ-BRE-63966,23,Twaweza,2016-06-06T12:58:18+00:00
Twin,GB-CHC-291824,2.02,en,data/organisation.xml/twin-iati-org/twin-iati-org.xml,GB-CHC-291824,21,Twin,2017-11-15T12:28:42+00:00
U.S. African Development Foundation,US-GOV-13,2.02,en,data/organisation.xml/unitedstates-adf/ADF.xml,US-GOV-13,10,U.S. African Development Foundation,2017-11-05T10:00:00Z
U.S. Department of Agriculture,US-GOV-2,2.02,en,data/organisation.xml/unitedstates-usda/USDA.xml,US-GOV-2,10,U.S. Department of Agriculture,2017-11-05T10:00:00Z
U.S. Department of the Treasury,US-GOV-6,2.02,en,data/organisation.xml/unitedstates-treasury/Treasury.xml,US-GOV-6,10,U.S. Department of the Treasury,2017-11-05T10:00:00Z
UK Department for International Development,GB-GOV-1,2.02,en,data/organisation.xml/dfid-org/organisation.xml,GB-GOV-1,10,UK Department for International Development,2017-10-19T12:10:00
UNICEF,41122-UNICEF,2.01,en,data/organisation.xml/unicef-organisation/iatiORG.xml,41122,40,UNICEF,2017-12-21T00:00:00
Unitaid,XM-DAC-30010,2.02,en,data/organisation.xml/utd-org/utd-org.xml,XM-DAC-30010,40,Unitaid,2017-10-06T13:31:16+00:00
United Mission to Nepal,XI-IATI-1002,2.01,en,data/organisation.xml/umn-org/umn-org.xml,XI-IATI-1002,21,United Mission to Nepal,2015-09-30T04:00:45+00:00
United Nations Development Programme,XM-DAC-41114,2.02,en,data/organisation.xml/undp-org/Organization.xml,XM-DAC-41114,40,United Nations Development Programme,2017-12-06T17:50:20
United Nations Office for Project Services,41AAA,1.03,en,data/organisation.xml/unops-org/iati_organisation.xml,41AAA,40,United Nations Office for Project Services,2012-12-04T15:26:03.393
United Nations Population Fund,41119,2.01,,data/organisation.xml/unfpa-org/UNFPA_organisation.xml,41119,40,United Nations Population Fund,2017-08-12T00:00:00-04:00
United Purpose,GB-CHC-272465,2.02,en,data/organisation.xml/cu-org/cu-org.xml,GB-CHC-272465,21,Concern Universal,2016-12-16T13:28:51+00:00
Upper Quartile,GB-COH-SC301345,2.01,en,data/organisation.xml/uq-org/uq-org.xml,GB-COH-SC301345,70,Upper Quartile,2015-12-31T06:49:39+00:00
Urgent Action Fund for Women's Human Rights,US-EIN-03-041973,2.02,en,data/organisation.xml/uaf-org/uaf-org.xml,US-EIN-03-041973,21,Urgent Action Fund for Women's Human Rights,2016-04-28T14:21:21+00:00
Urgent Action Fund Latin America,CO-CCB-00159397,2.02,en,data/organisation.xml/uafla-org/uafla-org.xml,CO-CCB-00159397,23,Urgent Action Fund Latin America,2016-04-18T15:05:18+00:00
Urgent Action Fund-Africa,KE-NCB-200201282375,2.01,en,data/organisation.xml/uaf-africa-org/uaf-africa-org.xml,KE-NCB-200201282375,23,Urgent Action Fund-Africa,2016-04-26T13:19:46+00:00
Varkey Foundation,GB-CHC-1145119,2.01,en,data/organisation.xml/varkeyfoundation-org/varkeyfoundation-org.xml,GB-CHC-1145119,21,VARKEY FOUNDATION,2017-03-24T16:11:02+00:00
Vision Aid Overseas,GB-CHC-1081695,1.03,en,data/organisation.xml/vao-org/vao-org.xml,GB-CHC-1081695,21,Vision Aid Overseas,2014-11-30T22:52:40+00:00
Vision for a Nation Foundation,GB-CHC-1140123,1.02,en,data/organisation.xml/vfan-org/vfan-org.xml,GB-CHC-1140123,21,Vision for a Nation Foundation,2013-03-22T12:50:09+00:00
Viva,GB-CHC-1053389,1.03,en,data/organisation.xml/viva-org/viva-org.xml,GB-CHC-1053389,21,Viva,2014-03-05T02:26:57+00:00
VNG International,NL-kvk-27195046,2.02,en,data/organisation.xml/vngi-organisation/iati-org,NL-kvk-27195046,15,VNG International,2017-11-17T15:53:29Z
Voluntary Service Overseas (VSO),GB-CHC-313757,1.03,en,data/organisation.xml/vso-org/vso-org.xml,GB-CHC-313757,21,Voluntary Service Overseas (VSO),2014-03-24T03:13:24+00:00
Wageningen University & Research - Stichting Wageningen Research,NL-KVK-09098104,2.02,en,data/organisation.xml/wageningen_ur-org/wageningen_ur-org.xml,NL-KVK-09098104,80,Wageningen University & Research - Stichting Wageningen Research,2016-07-04T15:19:32+00:00
War Child Holland,,1.03,en,data/organisation.xml/warchildholland-org01/iati_organisation_wch_1.xml,NL-KVK-41215393,21,War Child Holland,2015-12-21T12:14:18
War on Want NI,GB-COH-NI011322,1.03,en,data/organisation.xml/wowni-org/wowni-org.xml,GB-COH-NI011322,21,War on Want NI,2014-11-11T22:53:24+00:00
War on Want,GB-CHC-208724,1.03,en,data/organisation.xml/waronwant-org/waronwant-org.xml,GB-CHC-208724,21,War on Want,2014-12-08T04:32:24+00:00
WASH Alliance International,XI-IATI-WAI,2.02,en,data/organisation.xml/wai-org/wai-org.xml,XI-IATI-WAI,21,WASH Alliance International,2017-01-10T11:09:14+00:00
Water and Sanitation for the Urban Poor (WSUP),GB-COH-5419428,1.02,en,data/organisation.xml/wsup-org/wsup-org.xml,GB-COH-5419428,30,Water & Sanitation for the Urban Poor (WSUP),2013-10-18T02:59:07+00:00
Water for People,US-EIN-84-1166148,1.03,en,data/organisation.xml/w4p-org/w4p-org.xml,US-EIN-84-1166148,21,Water for People,2014-05-29T09:33:18+00:00
Water Works,GB-CHC-1158206,2.02,en,data/organisation.xml/waterworks-org/waterworks-org.xml,GB-CHC-1158206,21,Water Works,2017-01-09T12:33:26+00:00
WaterAid,GB-CHC-288701,1.04,en,data/organisation.xml/wateraid-org/wa-opendata-org.xml,GB-CHC-288701,21,WaterAid,2015-07-21T12:00:00Z
Welbodi Partnership,GB-CHC-1125217,1.03,en,data/organisation.xml/welbodipartnership-org/welbodipartnership-org.xml,GB-CHC-1125217,21,Welbodi Partnership,2015-04-21T01:33:35+00:00
Wellfound,GB-CHC-1110434,2.01,en,data/organisation.xml/wellfound-org/wellfound-org.xml,GB-CHC-1110434,21,WELLFOUND,2015-11-16T22:24:44+00:00
Welsh Government,XM-DAC-12-22,1.03,en,data/organisation.xml/wfa-org/wfa-org.xml,XM-DAC-12-22,10,Welsh Government,2014-06-27T10:14:53+00:00
Wemos,NL-KVK-41201644,2.02,en,data/organisation.xml/wemos-org/wemos-org.xml,NL-KVK-41201644,22,Wemos,2016-04-28T14:53:33+00:00
Win Win Strategies,NL-KVK-66926262,2.02,en,data/organisation.xml/wws-org/wws-org.xml,NL-KVK-66926262,21,Win-Win Strategies,2017-07-11T15:06:18+00:00
Womankind Worldwide,GB-CHC-328206,2.01,en,data/organisation.xml/womankindworld-org/womankindworld-org.xml,GB-CHC-328206,21,Womankind Worldwide,2016-02-15T03:34:56+00:00
Women and Children First (UK),GB-CHC-1085096,1.03,en,data/organisation.xml/wcf-org/wcf-org.xml,GB-CHC-1085096,21,Women and Children First UK,2014-03-07T09:46:01+00:00
Women Environmental Programme,NG-CAC-495140,2.02,en,data/organisation.xml/wep-org/wep-org.xml,NG-CAC-495140,22,Women Environmental Programme,2017-02-17T14:29:36+00:00
Women's Environment and Development Organization,US-EIN-52-1238773,2.02,en,data/organisation.xml/wedo-org/wedo-org.xml,US-EIN-52-1238773,21,Women's Environment & Development Organization,2017-03-01T00:15:01+00:00
Women's Refugee Commission,US-EIN-46-3668128,2.02,en,data/organisation.xml/w_r_c-org/w_r_c-org.xml,US-EIN-46-3668128,21,Women's Refugee Commission,2017-12-29T19:47:53+00:00
World Bank Group,44000,1.05,en,data/organisation.xml/worldbank-org/IATI_ORG.xml,44000,40,World Bank Group,2017-09-27T12:15:43
World Child Cancer UK,GB-CHC-1084729,1.03,en,data/organisation.xml/wccuk-org/wccuk-org.xml,GB-CHC-1084729,21,World Child Cancer UK,2014-09-12T01:37:55+00:00
World Economic Forum,US-EIN-20-3908371,2.02,en,data/organisation.xml/worldeconomicforum-org/worldeconomicforum-org.xml,US-EIN-20-3908371,21,World Economic Forum,2017-02-22T14:18:55+00:00
World Food Programme,XM-DAC-41140,2.02,,data/organisation.xml/wfp-org/organizations.xml,XM-DAC-41140,40,World Food Programme,2018-01-15T15:46:25
World Health Organization,XM-DAC-928,2.02,en,data/organisation.xml/who-org/World%20Health%20Organization.xml,XM-DAC-928,40,World Health Organization,2017-11-01T08:32:08.3220604+01:00
World Resources Institute,US-EIN-521257057,2.02,en,data/organisation.xml/wri-org/wri-org.xml,US-EIN-521257057,21,World Resources Institute,2017-12-08T15:43:50+00:00
World University Service of Canada,CA-CRA_ARC-119304848,1.03,en,data/organisation.xml/wusc-org/wusc-org.xml,CA-CRA_ARC-119304848,21,World University Service of Canada,2014-03-13T08:59:45+00:00
World Vision International,US-EIN-95-3202116,2.02,en,data/organisation.xml/wvi-org/wvi-org.xml,US-EIN-95-3202116,21,World Vision International,2018-01-06T13:44:52+00:00
World Vision Netherlands,NL-KVK-41179943,2.02,en,data/organisation.xml/wvnld-org/wvnld-org.xml,NL-KVK-41179943,60,World Vision Netherlands,2016-06-23T06:48:28+00:00
WWF-UK,GB-CHC-1081247,2.02,en,data/organisation.xml/wwf-uk-org/wwf-uk-org.xml,GB-CHC-1081247,21,WWF-UK,2017-08-03T13:28:04+00:00
WYG International,GB-COH-3195485,2.01,en,data/organisation.xml/wygi-org/wygi-org.xml,GB-COH-3195485,70,WYG International Ltd,2015-12-23T05:18:48+00:00
Y Care International,GB-CHC-1109789,2.02,en,data/organisation.xml/ycare-org/ycare-org.xml,GB-CHC-1109789,21,Y Care International,2017-06-28T08:13:07+00:00
Youth Net and Counselling (YONECO),MW-CNM-C076-1999,2.02,en,data/organisation.xml/yoneco1997-org/yoneco1997-org.xml,MW-CNM-C076-1999,22,Youth Net and Counselling (YONECO),2017-10-18T08:08:25+00:00
Zimbabwe Educational Trust,GB-CHC-327519,1.03,en,data/organisation.xml/zet-org/zet-org.xml,GB-CHC-327519,21,Zimbabwe Educational Trust,2013-12-18T02:24:09+00:00
Zimmerman & Zimmerman,NL-KVK-51018586,1.03,en,data/organisation.xml/zimmzimm-org/zimmzimm-org.xml,NL-KVK-51018586,70,Zimmerman and Zimmerman,2014-05-07T05:03:34+00:00
